PlayerName,Runs,BallsFaced,Sixes,Matches_Batting,Fours,StrikeRate,Wickets,Economy,Overs,Matches_Bowling,PerformanceScore
A Ashish Reddy,280.0,193.0,15.0,23.0,16.0,145.0777202072539,18.0,9.068702290076336,43.666666666666664,20.0,464.0
A Badoni,634.0,473.0,24.0,35.0,46.0,134.03805496828753,2.0,8.639999999999999,4.166666666666667,5.0,81.7
A Chandila,4.0,7.0,0.0,2.0,0.0,57.14285714285714,11.0,6.205128205128205,39.0,12.0,275.2
A Chopra,53.0,71.0,0.0,6.0,7.0,74.64788732394366,0.0,0.0,0.0,0.0,2.6500000000000004
A Choudhary,25.0,20.0,1.0,3.0,1.0,125.0,5.0,8.554455445544555,16.833333333333332,5.0,126.25
A Dananjaya,4.0,5.0,0.0,1.0,0.0,80.0,0.0,11.75,4.0,1.0,0.2
A Flintoff,62.0,53.0,2.0,3.0,5.0,116.98113207547169,2.0,9.545454545454545,11.0,3.0,53.1
A Kamboj,2.0,2.0,0.0,1.0,0.0,100.0,2.0,11.4,10.0,3.0,50.1
A Kumble,35.0,47.0,0.0,15.0,3.0,74.46808510638297,45.0,6.578238341968912,160.83333333333334,42.0,1126.75
A Manohar,231.0,174.0,10.0,15.0,21.0,132.75862068965517,0.0,0.0,0.0,0.0,11.55
A Mishra,381.0,419.0,5.0,55.0,31.0,90.9307875894988,174.0,7.377632749925837,561.8333333333334,162.0,4369.05
A Mithun,34.0,26.0,1.0,6.0,4.0,130.76923076923077,7.0,9.833333333333334,48.0,16.0,176.7
A Mukund,19.0,22.0,0.0,2.0,1.0,86.36363636363636,0.0,0.0,0.0,0.0,0.9500000000000001
A Nehra,41.0,62.0,1.0,17.0,3.0,66.12903225806451,106.0,7.845911949685535,318.0,88.0,2652.05
A Nel,0.0,0.0,0.0,0.0,0.0,0.0,1.0,10.333333333333334,3.0,1.0,25.0
A Nortje,49.0,49.0,0.0,13.0,6.0,100.0,60.0,8.960151802656547,175.66666666666666,46.0,1502.45
A Raghuvanshi,163.0,105.0,8.0,7.0,16.0,155.23809523809524,0.0,0.0,0.0,0.0,8.15
A Singh,2.0,10.0,0.0,5.0,0.0,20.0,28.0,7.864693446088795,78.83333333333333,23.0,700.1
A Symonds,974.0,750.0,41.0,36.0,74.0,129.86666666666667,20.0,7.673624288425048,87.83333333333333,30.0,548.7
A Tomar,4.0,8.0,0.0,1.0,1.0,50.0,0.0,0.0,0.0,0.0,0.2
A Uniyal,4.0,7.0,0.0,2.0,0.0,57.14285714285714,2.0,11.0,6.0,2.0,50.2
A Zampa,15.0,24.0,0.0,5.0,1.0,62.5,29.0,7.990453460620525,69.83333333333333,20.0,725.75
AA Bilakhia,69.0,85.0,0.0,7.0,5.0,81.17647058823529,0.0,0.0,0.0,0.0,3.45
AA Chavan,12.0,11.0,0.0,3.0,2.0,109.09090909090908,8.0,7.887096774193548,41.333333333333336,13.0,200.6
AA Jhunjhunwala,217.0,210.0,5.0,15.0,19.0,103.33333333333334,1.0,9.105882352941176,14.166666666666666,10.0,35.85
AA Kazi,0.0,0.0,0.0,0.0,0.0,0.0,0.0,10.5,2.0,1.0,0.0
AA Kulkarni,9.0,8.0,0.0,2.0,2.0,112.5,0.0,0.0,0.0,0.0,0.45
AA Noffke,9.0,10.0,0.0,1.0,1.0,90.0,1.0,10.0,4.0,1.0,25.45
AB Agarkar,179.0,154.0,5.0,18.0,13.0,116.23376623376625,29.0,8.831202046035806,130.33333333333334,42.0,733.95
AB Barath,42.0,42.0,1.0,3.0,5.0,100.0,0.0,0.0,0.0,0.0,2.1
AB Dinda,26.0,48.0,0.0,16.0,2.0,54.166666666666664,69.0,8.20448548812665,252.66666666666666,75.0,1726.3
AB McDonald,123.0,100.0,4.0,9.0,9.0,123.0,11.0,8.419354838709678,31.0,10.0,281.15
AB de Villiers,5181.0,3411.0,253.0,170.0,414.0,151.8909410729991,0.0,0.0,0.0,0.0,259.05
AC Blizzard,120.0,90.0,2.0,7.0,21.0,133.33333333333331,0.0,0.0,0.0,0.0,6.0
AC Gilchrist,2069.0,1495.0,92.0,80.0,239.0,138.39464882943145,1.0,0.0,0.16666666666666666,1.0,128.45
AC Thomas,20.0,19.0,1.0,4.0,1.0,105.26315789473684,14.0,7.733333333333333,52.5,15.0,351.0
AC Voges,181.0,143.0,3.0,7.0,15.0,126.57342657342659,0.0,8.444444444444445,9.0,7.0,9.05
AD Hales,148.0,118.0,6.0,6.0,13.0,125.42372881355932,0.0,0.0,0.0,0.0,7.4
AD Mascarenhas,79.0,78.0,1.0,11.0,5.0,101.28205128205127,19.0,6.9350649350649345,51.333333333333336,13.0,478.95
AD Mathews,724.0,575.0,29.0,41.0,44.0,125.91304347826086,27.0,8.18457648546144,131.83333333333334,44.0,711.2
AD Nath,90.0,98.0,2.0,10.0,7.0,91.83673469387756,0.0,0.0,0.0,0.0,4.5
AD Russell,2488.0,1423.0,209.0,104.0,171.0,174.84188334504566,115.0,9.355332940483207,282.8333333333333,112.0,2999.4
AF Milne,23.0,29.0,1.0,6.0,0.0,79.3103448275862,8.0,9.478260869565217,34.5,10.0,201.15
AG Murtaza,10.0,14.0,0.0,3.0,1.0,71.42857142857143,9.0,7.113636363636363,44.0,12.0,225.5
AG Paunikar,49.0,58.0,0.0,5.0,9.0,84.48275862068965,0.0,0.0,0.0,0.0,2.45
AJ Finch,2092.0,1635.0,78.0,90.0,214.0,127.95107033639144,1.0,9.348837209302324,7.166666666666667,5.0,129.60000000000002
AJ Hosein,16.0,10.0,1.0,1.0,1.0,160.0,1.0,10.0,4.0,1.0,25.8
AJ Turner,24.0,28.0,2.0,6.0,0.0,85.71428571428571,0.0,0.0,0.0,0.0,1.2000000000000002
AJ Tye,91.0,76.0,5.0,13.0,6.0,119.73684210526316,42.0,8.566423357664233,114.16666666666667,30.0,1054.55
AK Markram,995.0,767.0,35.0,42.0,73.0,129.72620599739244,2.0,8.52892561983471,20.166666666666668,14.0,99.75
AL Menaria,401.0,356.0,18.0,23.0,24.0,112.64044943820224,3.0,7.854545454545455,18.333333333333332,12.0,95.05
AM Nayar,672.0,577.0,20.0,50.0,55.0,116.46447140381282,9.0,8.436681222707424,38.166666666666664,19.0,258.6
AM Rahane,4642.0,3761.0,103.0,171.0,479.0,123.42462111140655,1.0,5.0,1.0,1.0,257.1
AM Salvi,0.0,0.0,0.0,0.0,0.0,0.0,7.0,8.0,25.0,7.0,175.0
AN Ahmed,36.0,26.0,1.0,6.0,4.0,138.46153846153845,12.0,8.686046511627907,57.333333333333336,17.0,301.8
AN Ghosh,7.0,8.0,0.0,2.0,1.0,87.5,0.0,0.0,0.0,0.0,0.35000000000000003
AP Dole,34.0,22.0,1.0,2.0,3.0,154.54545454545453,5.0,10.181818181818182,11.0,3.0,126.7
AP Majumdar,87.0,76.0,2.0,4.0,7.0,114.4736842105263,0.0,0.0,0.0,0.0,4.3500000000000005
AP Tare,339.0,273.0,11.0,27.0,40.0,124.17582417582418,0.0,0.0,0.0,0.0,16.95
AR Bawne,12.0,12.0,0.0,1.0,1.0,100.0,0.0,0.0,0.0,0.0,0.6000000000000001
AR Patel,1653.0,1263.0,79.0,112.0,107.0,130.87885985748218,123.0,7.273429951690821,517.5,148.0,3157.65
AS Joseph,27.0,32.0,0.0,5.0,3.0,84.375,21.0,9.55299539170507,72.33333333333333,22.0,526.35
AS Rajpoot,26.0,41.0,1.0,7.0,2.0,63.41463414634146,24.0,9.203773584905662,88.33333333333333,29.0,601.3
AS Raut,194.0,167.0,7.0,16.0,13.0,116.1676646706587,0.0,8.8,5.0,5.0,9.700000000000001
AS Roy,26.0,24.0,0.0,6.0,3.0,108.33333333333333,5.0,8.426470588235293,22.666666666666668,9.0,126.3
AS Yadav,49.0,39.0,2.0,6.0,5.0,125.64102564102564,0.0,0.0,0.0,0.0,2.45
AT Carey,32.0,29.0,1.0,3.0,0.0,110.34482758620689,0.0,0.0,0.0,0.0,1.6
AT Rayudu,4348.0,3409.0,173.0,185.0,359.0,127.54473452625403,0.0,0.0,0.0,0.0,217.4
AU Rashid,22.0,16.0,1.0,2.0,2.0,137.5,2.0,9.1,10.0,3.0,51.1
AUK Pathan,39.0,23.0,2.0,7.0,5.0,169.56521739130434,0.0,9.692307692307692,6.5,3.0,1.9500000000000002
Abdul Basith,1.0,1.0,0.0,1.0,0.0,100.0,0.0,0.0,0.0,0.0,0.05
Abdul Samad,579.0,397.0,36.0,39.0,37.0,145.84382871536522,2.0,12.555555555555555,9.0,5.0,78.95
Abdur Razzak,0.0,2.0,0.0,1.0,0.0,0.0,0.0,14.5,2.0,1.0,0.0
Abhishek Sharma,1377.0,887.0,73.0,61.0,128.0,155.24239007891768,11.0,8.644444444444444,45.0,26.0,343.85
Abishek Porel,360.0,236.0,15.0,16.0,37.0,152.54237288135593,0.0,0.0,0.0,0.0,18.0
Akash Deep,19.0,12.0,1.0,3.0,2.0,158.33333333333331,7.0,11.670731707317074,27.333333333333332,8.0,175.95
Akash Madhwal,4.0,5.0,0.0,1.0,0.0,80.0,20.0,9.709923664122138,43.666666666666664,13.0,500.2
Akash Singh,0.0,0.0,0.0,0.0,0.0,0.0,5.0,9.869565217391305,23.0,7.0,125.0
Aman Hakim Khan,115.0,104.0,6.0,10.0,8.0,110.57692307692308,0.0,13.0,1.0,1.0,5.75
Anand Rajan,0.0,0.0,0.0,0.0,0.0,0.0,8.0,8.093959731543624,24.833333333333332,8.0,200.0
Anirudh Singh,63.0,66.0,1.0,4.0,6.0,95.45454545454545,0.0,0.0,0.0,0.0,3.1500000000000004
Ankit Sharma,87.0,67.0,4.0,10.0,7.0,129.8507462686567,12.0,7.3569482288828345,61.166666666666664,21.0,304.35
Ankit Soni,7.0,9.0,1.0,3.0,0.0,77.77777777777779,2.0,7.9266055045871555,18.166666666666668,6.0,50.35
Anmolpreet Singh,139.0,115.0,3.0,9.0,19.0,120.8695652173913,0.0,0.0,0.0,0.0,6.95
Anuj Rawat,318.0,267.0,14.0,21.0,26.0,119.10112359550563,0.0,0.0,0.0,0.0,15.9
Anureet Singh,36.0,47.0,1.0,8.0,2.0,76.59574468085107,18.0,9.072815533980583,68.66666666666667,22.0,451.8
Arjun Tendulkar,13.0,9.0,1.0,1.0,0.0,144.44444444444443,3.0,9.36986301369863,12.166666666666666,5.0,75.65
Arshad Khan,96.0,65.0,6.0,6.0,5.0,147.6923076923077,6.0,12.537313432835822,22.333333333333332,9.0,154.8
Arshad Khan (2),5.0,4.0,0.0,1.0,1.0,125.0,0.0,12.0,2.0,1.0,0.25
Arshdeep Singh,29.0,40.0,0.0,11.0,4.0,72.5,76.0,9.026392961876832,227.33333333333334,65.0,1901.45
Ashutosh Sharma,189.0,113.0,15.0,9.0,10.0,167.2566371681416,0.0,0.0,0.0,0.0,9.450000000000001
Atharva Taide,247.0,168.0,8.0,9.0,27.0,147.02380952380955,0.0,24.0,0.16666666666666666,1.0,12.350000000000001
Avesh Khan,41.0,25.0,3.0,9.0,3.0,164.0,76.0,8.87191011235955,222.5,62.0,1902.05
Azhar Mahmood,388.0,303.0,13.0,21.0,39.0,128.05280528052805,29.0,7.82122905027933,89.5,23.0,744.4
Azmatullah Omarzai,42.0,33.0,2.0,4.0,2.0,127.27272727272727,4.0,8.857142857142858,21.0,7.0,102.1
B Akhil,76.0,55.0,5.0,11.0,5.0,138.1818181818182,6.0,7.723404255319149,31.333333333333332,13.0,153.8
B Chipli,280.0,251.0,7.0,21.0,28.0,111.55378486055776,0.0,20.0,1.0,1.0,14.0
B Geeves,0.0,0.0,0.0,0.0,0.0,0.0,1.0,11.375,8.0,2.0,25.0
B Indrajith,21.0,30.0,0.0,3.0,2.0,70.0,0.0,0.0,0.0,0.0,1.05
B Kumar,306.0,326.0,3.0,65.0,30.0,93.86503067484662,181.0,7.563682864450128,651.6666666666666,176.0,4540.3
B Laughlin,5.0,13.0,0.0,4.0,0.0,38.46153846153847,10.0,10.071428571428571,28.0,9.0,250.25
B Lee,124.0,97.0,8.0,19.0,8.0,127.83505154639174,25.0,7.508571428571428,145.83333333333334,38.0,631.2
B Sai Sudharsan,1034.0,743.0,32.0,25.0,95.0,139.16554508748317,0.0,0.0,0.0,0.0,51.7
B Stanlake,5.0,2.0,0.0,1.0,1.0,250.0,7.0,8.333333333333334,24.0,6.0,175.25
B Sumanth,35.0,37.0,0.0,4.0,3.0,94.5945945945946,0.0,0.0,0.0,0.0,1.75
BA Bhatt,6.0,7.0,1.0,2.0,0.0,85.71428571428571,12.0,8.047297297297296,49.333333333333336,15.0,300.3
BA Stokes,935.0,698.0,32.0,43.0,81.0,133.9541547277937,28.0,8.638606676342526,114.83333333333333,38.0,746.75
BAW Mendis,3.0,6.0,0.0,3.0,0.0,50.0,8.0,7.450819672131148,40.666666666666664,10.0,200.15
BB McCullum,2882.0,2190.0,130.0,109.0,293.0,131.59817351598173,0.0,0.0,0.0,0.0,144.1
BB Samantray,125.0,113.0,2.0,8.0,13.0,110.61946902654867,0.0,0.0,0.0,0.0,6.25
BB Sran,10.0,14.0,0.0,7.0,0.0,71.42857142857143,19.0,9.403726708074535,80.5,24.0,475.5
BCJ Cutting,238.0,141.0,19.0,17.0,15.0,168.79432624113474,10.0,9.160142348754448,46.833333333333336,17.0,261.9
BE Hendricks,1.0,3.0,0.0,2.0,0.0,33.33333333333333,9.0,9.4,25.0,7.0,225.05
BJ Haddin,18.0,11.0,1.0,1.0,2.0,163.63636363636365,0.0,0.0,0.0,0.0,0.9
BJ Hodge,1400.0,1118.0,43.0,63.0,122.0,125.22361359570662,17.0,7.769230769230769,39.0,20.0,495.0
BJ Rohrer,193.0,141.0,5.0,8.0,21.0,136.8794326241135,0.0,12.0,1.0,1.0,9.65
BMAJ Mendis,23.0,27.0,0.0,3.0,0.0,85.18518518518519,1.0,7.2,5.0,2.0,26.15
BR Dunk,40.0,35.0,0.0,3.0,7.0,114.28571428571428,0.0,0.0,0.0,0.0,2.0
BR Sharath,2.0,5.0,0.0,1.0,0.0,40.0,0.0,0.0,0.0,0.0,0.1
BW Hilfenhaus,0.0,0.0,0.0,0.0,0.0,0.0,22.0,7.725806451612903,62.0,17.0,550.0
Basil Thampi,32.0,35.0,1.0,7.0,1.0,91.42857142857143,22.0,9.742802303262957,86.83333333333333,25.0,551.6
Bipul Sharma,187.0,123.0,9.0,17.0,11.0,152.03252032520325,17.0,8.056338028169014,71.0,28.0,434.35
C Ganapathy,0.0,0.0,0.0,0.0,0.0,0.0,0.0,13.0,1.0,1.0,0.0
C Green,707.0,460.0,32.0,28.0,62.0,153.69565217391303,17.0,9.075170842824601,73.16666666666667,29.0,460.35
C Madan,15.0,19.0,0.0,1.0,3.0,78.94736842105263,0.0,0.0,0.0,0.0,0.75
C Munro,177.0,141.0,8.0,11.0,19.0,125.53191489361701,0.0,7.5,2.0,2.0,8.85
C Nanda,0.0,1.0,0.0,1.0,0.0,0.0,2.0,7.125,8.0,3.0,50.0
C Sakariya,20.0,31.0,0.0,7.0,3.0,64.51612903225806,20.0,8.43661971830986,71.0,19.0,501.0
C de Grandhomme,303.0,225.0,18.0,21.0,18.0,134.66666666666666,6.0,8.86111111111111,36.0,19.0,165.15
CA Ingram,205.0,180.0,5.0,15.0,22.0,113.88888888888889,0.0,0.0,0.0,0.0,10.25
CA Lynn,1329.0,945.0,66.0,42.0,132.0,140.63492063492063,0.0,0.0,0.0,0.0,66.45
CA Pujara,390.0,391.0,4.0,22.0,50.0,99.74424552429667,0.0,0.0,0.0,0.0,19.5
CH Gayle,4997.0,3346.0,359.0,141.0,408.0,149.34249850567844,18.0,7.8953068592057765,92.33333333333333,38.0,699.85
CH Morris,618.0,398.0,35.0,49.0,41.0,155.27638190954772,96.0,8.026651216685979,287.6666666666667,81.0,2430.9
CJ Anderson,538.0,423.0,31.0,29.0,40.0,127.18676122931443,11.0,10.464646464646465,49.5,22.0,301.9
CJ Dala,0.0,0.0,0.0,0.0,0.0,0.0,0.0,11.333333333333334,3.0,1.0,0.0
CJ Ferguson,98.0,117.0,0.0,8.0,9.0,83.76068376068376,0.0,0.0,0.0,0.0,4.9
CJ Green,0.0,0.0,0.0,0.0,0.0,0.0,0.0,8.470588235294118,2.8333333333333335,1.0,0.0
CJ Jordan,81.0,77.0,3.0,12.0,3.0,105.1948051948052,30.0,9.623145400593472,112.33333333333333,34.0,754.05
CJ McKay,8.0,15.0,0.0,1.0,0.0,53.333333333333336,1.0,8.571428571428571,7.0,2.0,25.4
CK Kapugedera,16.0,23.0,0.0,3.0,0.0,69.56521739130434,0.0,17.294117647058822,2.8333333333333335,3.0,0.8
CK Langeveldt,8.0,9.0,1.0,2.0,0.0,88.88888888888889,13.0,7.1923076923076925,26.0,7.0,325.4
CL White,971.0,760.0,38.0,45.0,76.0,127.76315789473685,1.0,12.285714285714286,7.0,6.0,73.55000000000001
CM Gautam,169.0,150.0,6.0,13.0,17.0,112.66666666666667,0.0,0.0,0.0,0.0,8.450000000000001
CR Brathwaite,181.0,111.0,16.0,14.0,10.0,163.06306306306305,13.0,8.952755905511811,42.333333333333336,16.0,334.05
CR Woakes,78.0,77.0,2.0,12.0,7.0,101.29870129870129,30.0,8.972727272727273,73.33333333333333,21.0,753.9
CRD Fernando,4.0,3.0,0.0,2.0,0.0,133.33333333333331,17.0,7.641025641025641,39.0,10.0,425.2
CV Varun,25.0,46.0,0.0,10.0,2.0,54.347826086956516,83.0,7.547169811320755,265.0,70.0,2076.25
D Brevis,230.0,172.0,16.0,10.0,17.0,133.72093023255815,1.0,16.0,0.5,1.0,36.5
D Ferreira,8.0,11.0,0.0,2.0,0.0,72.72727272727273,0.0,0.0,0.0,0.0,0.4
D Jansen,0.0,0.0,0.0,0.0,0.0,0.0,1.0,13.25,4.0,1.0,25.0
D Kalyankrishna,3.0,8.0,0.0,1.0,0.0,37.5,2.0,10.875,8.0,3.0,50.15
D Padikkal,1559.0,1266.0,42.0,64.0,170.0,123.1437598736177,0.0,0.0,0.0,0.0,77.95
D Pretorius,44.0,28.0,3.0,5.0,3.0,157.14285714285714,6.0,9.52,25.0,7.0,152.2
D Salunkhe,33.0,24.0,0.0,3.0,5.0,137.5,1.0,9.957446808510639,7.833333333333333,5.0,26.65
D Wiese,148.0,101.0,7.0,11.0,12.0,146.53465346534654,16.0,8.91891891891892,49.333333333333336,15.0,407.4
D du Preez,10.0,13.0,0.0,1.0,0.0,76.92307692307693,4.0,8.0,7.0,2.0,100.5
DA Miller,2924.0,2101.0,134.0,123.0,207.0,139.17182294145644,0.0,0.0,0.0,0.0,146.20000000000002
DA Warner,6567.0,4702.0,236.0,184.0,663.0,139.6639727775415,0.0,12.0,0.16666666666666666,1.0,328.35
DAJ Bracewell,12.0,9.0,0.0,1.0,1.0,133.33333333333331,3.0,8.0,4.0,1.0,75.6
DB Das,304.0,261.0,16.0,22.0,23.0,116.47509578544062,0.0,0.0,0.0,0.0,15.200000000000001
DB Ravi Teja,375.0,317.0,9.0,25.0,35.0,118.29652996845425,1.0,9.333333333333334,3.0,2.0,43.75
DE Bollinger,21.0,23.0,1.0,4.0,1.0,91.30434782608695,38.0,7.21875,96.0,27.0,951.05
DG Nalkande,12.0,12.0,1.0,2.0,0.0,100.0,6.0,10.571428571428571,14.0,6.0,150.6
DH Yagnik,170.0,137.0,2.0,17.0,23.0,124.08759124087592,0.0,0.0,0.0,0.0,8.5
DJ Bravo,1560.0,1204.0,66.0,110.0,120.0,129.56810631229237,183.0,8.384615384615385,520.0,158.0,4653.0
DJ Harris,111.0,101.0,5.0,4.0,11.0,109.9009900990099,0.0,8.666666666666666,3.0,2.0,5.550000000000001
DJ Hooda,1466.0,1132.0,61.0,96.0,96.0,129.5053003533569,10.0,8.541554959785524,62.166666666666664,33.0,323.3
DJ Hussey,1322.0,1075.0,60.0,61.0,90.0,122.97674418604652,8.0,8.97160883280757,52.833333333333336,26.0,266.1
DJ Jacobs,92.0,98.0,4.0,7.0,10.0,93.87755102040816,0.0,0.0,0.0,0.0,4.6000000000000005
DJ Malan,26.0,26.0,1.0,1.0,1.0,100.0,0.0,0.0,0.0,0.0,1.3
DJ Mitchell,351.0,267.0,10.0,15.0,28.0,131.46067415730337,1.0,12.125,8.0,4.0,42.55
DJ Muthuswami,1.0,3.0,0.0,1.0,0.0,33.33333333333333,4.0,7.214285714285714,14.0,6.0,100.05
DJ Thornely,39.0,53.0,2.0,4.0,2.0,73.58490566037736,3.0,5.714285714285714,7.0,4.0,76.95
DJ Willey,53.0,62.0,0.0,5.0,7.0,85.48387096774194,6.0,7.555555555555555,36.0,11.0,152.65
DJG Sammy,295.0,241.0,18.0,20.0,15.0,122.40663900414938,11.0,8.898305084745763,39.333333333333336,19.0,289.75
DJM Short,115.0,99.0,5.0,7.0,11.0,116.16161616161615,1.0,6.333333333333333,3.0,2.0,30.75
DL Chahar,80.0,59.0,6.0,12.0,2.0,135.59322033898303,77.0,7.984421809466746,278.1666666666667,81.0,1929.0
DL Vettori,121.0,113.0,2.0,16.0,11.0,107.07964601769913,28.0,6.787644787644788,129.5,34.0,706.05
DM Bravo,6.0,5.0,0.0,1.0,1.0,120.0,0.0,0.0,0.0,0.0,0.30000000000000004
DNT Zoysa,11.0,9.0,0.0,2.0,1.0,122.22222222222223,2.0,9.0,11.0,3.0,50.55
DP Conway,924.0,654.0,30.0,22.0,100.0,141.28440366972478,0.0,0.0,0.0,0.0,46.2
DP Nannes,4.0,13.0,0.0,2.0,0.0,30.76923076923077,28.0,7.291021671826625,107.66666666666667,29.0,700.2
DP Vijaykumar,1.0,1.0,0.0,1.0,0.0,100.0,4.0,7.855263157894737,25.333333333333332,9.0,100.05
DPMD Jayawardene,1808.0,1464.0,40.0,78.0,200.0,123.49726775956285,0.0,0.0,0.0,0.0,90.4
DR Martyn,19.0,24.0,0.0,1.0,1.0,79.16666666666666,0.0,0.0,0.0,0.0,0.9500000000000001
DR Sams,44.0,44.0,3.0,13.0,1.0,100.0,14.0,8.716666666666667,60.0,16.0,352.2
DR Shorey,13.0,17.0,1.0,2.0,0.0,76.47058823529412,0.0,0.0,0.0,0.0,0.65
DR Smith,2385.0,1764.0,117.0,88.0,245.0,135.20408163265304,26.0,9.01669758812616,89.83333333333333,46.0,769.25
DS Kulkarni,104.0,108.0,2.0,20.0,7.0,96.29629629629629,86.0,8.306659205372133,297.8333333333333,92.0,2155.2
DS Lehmann,18.0,18.0,0.0,2.0,3.0,100.0,0.0,0.0,0.0,0.0,0.9
DT Christian,460.0,398.0,19.0,41.0,23.0,115.57788944723617,38.0,8.099660249150624,147.16666666666666,49.0,973.0
DT Patil,13.0,13.0,0.0,2.0,1.0,100.0,0.0,0.0,0.0,0.0,0.65
DW Steyn,167.0,160.0,3.0,33.0,14.0,104.375,97.0,6.937671860678276,363.6666666666667,95.0,2433.35
Dhruv Jurel,347.0,229.0,16.0,22.0,29.0,151.528384279476,0.0,0.0,0.0,0.0,17.35
E Lewis,654.0,477.0,36.0,26.0,62.0,137.1069182389937,0.0,0.0,0.0,0.0,32.7
EJG Morgan,1406.0,1148.0,64.0,74.0,112.0,122.47386759581882,0.0,0.0,0.0,0.0,70.3
ER Dwivedi,24.0,14.0,2.0,2.0,2.0,171.42857142857142,0.0,0.0,0.0,0.0,1.2000000000000002
F Behardien,14.0,13.0,0.0,3.0,2.0,107.6923076923077,0.0,0.0,0.0,0.0,0.7000000000000001
F du Plessis,4571.0,3352.0,166.0,138.0,422.0,136.36634844868735,0.0,16.0,1.0,1.0,228.55
FA Allen,14.0,19.0,0.0,3.0,1.0,73.68421052631578,2.0,9.066666666666666,15.0,4.0,50.7
FH Edwards,4.0,5.0,0.0,2.0,0.0,80.0,5.0,6.6000000000000005,23.333333333333332,6.0,125.2
FY Fazal,183.0,173.0,1.0,11.0,22.0,105.78034682080926,0.0,10.0,2.0,2.0,9.15
Fazalhaq Farooqi,3.0,13.0,0.0,2.0,0.0,23.076923076923077,6.0,8.960526315789474,25.333333333333332,7.0,150.15
G Coetzee,14.0,22.0,1.0,5.0,0.0,63.63636363636363,13.0,10.17910447761194,33.5,10.0,325.7
G Gambhir,4217.0,3404.0,59.0,151.0,492.0,123.88366627497062,0.0,0.0,0.0,0.0,210.85000000000002
GB Hogg,22.0,22.0,0.0,4.0,1.0,100.0,23.0,7.467248908296944,76.33333333333333,21.0,576.1
GC Smith,739.0,668.0,9.0,29.0,94.0,110.62874251497006,0.0,0.0,0.0,0.0,36.95
GC Viljoen,3.0,7.0,0.0,3.0,0.0,42.857142857142854,7.0,9.652173913043478,23.0,6.0,175.15
GD McGrath,4.0,5.0,0.0,2.0,1.0,80.0,12.0,6.611111111111111,54.0,14.0,300.2
GD Phillips,65.0,55.0,6.0,8.0,3.0,118.18181818181819,2.0,8.0,5.0,4.0,53.25
GH Vihari,284.0,321.0,1.0,23.0,23.0,88.47352024922118,1.0,6.714285714285714,7.0,6.0,39.2
GHS Garton,2.0,4.0,0.0,2.0,0.0,50.0,3.0,9.0,15.0,5.0,75.1
GJ Bailey,663.0,544.0,19.0,36.0,59.0,121.875,0.0,0.0,0.0,0.0,33.15
GJ Maxwell,2772.0,1769.0,160.0,128.0,233.0,156.69869983041266,37.0,8.281779661016948,157.33333333333334,79.0,1063.6
GR Napier,15.0,16.0,0.0,1.0,1.0,93.75,1.0,6.75,4.0,1.0,25.75
GS Sandhu,0.0,0.0,0.0,0.0,0.0,0.0,1.0,10.25,8.0,2.0,25.0
Gagandeep Singh,0.0,0.0,0.0,0.0,0.0,0.0,3.0,10.071428571428571,14.0,4.0,75.0
Gulbadin Naib,19.0,15.0,1.0,1.0,1.0,126.66666666666666,0.0,12.0,1.0,1.0,0.9500000000000001
Gurkeerat Singh,511.0,422.0,11.0,32.0,55.0,121.09004739336493,5.0,7.461538461538462,13.0,6.0,150.55
Gurnoor Brar,0.0,0.0,0.0,0.0,0.0,0.0,0.0,14.0,3.0,1.0,0.0
H Das,2.0,5.0,0.0,1.0,0.0,40.0,0.0,0.0,0.0,0.0,0.1
H Klaasen,993.0,590.0,64.0,32.0,56.0,168.3050847457627,0.0,0.0,0.0,0.0,49.650000000000006
H Sharma,0.0,0.0,0.0,0.0,0.0,0.0,0.0,11.4,5.0,2.0,0.0
HC Brook,190.0,154.0,4.0,11.0,23.0,123.37662337662339,0.0,0.0,0.0,0.0,9.5
HE van der Dussen,22.0,24.0,0.0,3.0,2.0,91.66666666666666,0.0,0.0,0.0,0.0,1.1
HF Gurney,1.0,5.0,0.0,1.0,0.0,20.0,7.0,8.814814814814815,27.0,8.0,175.05
HH Gibbs,886.0,807.0,31.0,36.0,83.0,109.78934324659231,0.0,0.0,0.0,0.0,44.300000000000004
HH Pandya,2534.0,1739.0,137.0,128.0,189.0,145.71592869465212,64.0,9.097320169252468,236.33333333333334,93.0,1726.7
HM Amla,577.0,407.0,21.0,16.0,60.0,141.76904176904176,0.0,0.0,0.0,0.0,28.85
HR Shokeen,66.0,65.0,0.0,5.0,9.0,101.53846153846153,5.0,9.235294117647058,34.0,13.0,128.3
HV Patel,249.0,203.0,15.0,37.0,16.0,122.66009852216749,135.0,8.736355226641999,360.3333333333333,103.0,3387.45
Harbhajan Singh,833.0,604.0,42.0,88.0,79.0,137.91390728476821,150.0,7.078454332552693,569.3333333333334,160.0,3791.65
Harmeet Singh,18.0,12.0,0.0,4.0,3.0,150.0,27.0,7.9890710382513666,91.5,28.0,675.9
Harpreet Brar,233.0,190.0,9.0,24.0,19.0,122.63157894736842,25.0,7.908689248895434,113.16666666666667,39.0,636.65
Harpreet Singh,123.0,119.0,3.0,8.0,10.0,103.36134453781514,0.0,0.0,0.0,0.0,6.15
Harshit Rana,2.0,3.0,0.0,3.0,0.0,66.66666666666666,25.0,9.054545454545455,64.16666666666667,19.0,625.1
I Malhotra,7.0,4.0,0.0,1.0,1.0,175.0,0.0,23.0,1.0,1.0,0.35000000000000003
I Sharma,57.0,69.0,2.0,21.0,4.0,82.6086956521739,92.0,8.242529233434388,384.8333333333333,110.0,2302.85
I Udana,15.0,11.0,1.0,4.0,1.0,136.36363636363635,8.0,9.724137931034482,29.0,10.0,200.75
IC Pandey,0.0,2.0,0.0,1.0,0.0,0.0,18.0,7.675324675324675,77.0,24.0,450.0
IC Porel,0.0,0.0,0.0,0.0,0.0,0.0,1.0,9.75,4.0,1.0,25.0
IK Pathan,1150.0,950.0,38.0,82.0,88.0,121.05263157894737,80.0,7.779735682819383,340.5,101.0,2057.5
IR Jaggi,76.0,97.0,0.0,7.0,6.0,78.35051546391753,0.0,0.0,0.0,0.0,3.8000000000000003
IS Sodhi,7.0,17.0,0.0,2.0,0.0,41.17647058823529,9.0,6.696132596685082,30.166666666666668,8.0,225.35
Imran Tahir,33.0,37.0,0.0,8.0,5.0,89.1891891891892,82.0,7.764437689969604,219.33333333333334,59.0,2051.65
Iqbal Abdulla,88.0,84.0,1.0,13.0,9.0,104.76190476190477,40.0,7.232608695652173,153.33333333333334,48.0,1004.4
Ishan Kishan,2644.0,1946.0,119.0,99.0,255.0,135.86844809866392,0.0,0.0,0.0,0.0,132.20000000000002
J Arunkumar,23.0,23.0,0.0,3.0,5.0,100.0,0.0,0.0,0.0,0.0,1.1500000000000001
J Botha,409.0,359.0,5.0,28.0,39.0,113.9275766016713,25.0,6.916426512968299,115.66666666666667,34.0,645.45
J Fraser-McGurk,330.0,141.0,28.0,9.0,32.0,234.04255319148936,0.0,0.0,0.0,0.0,16.5
J Little,0.0,0.0,0.0,0.0,0.0,0.0,11.0,8.921052631578947,38.0,11.0,275.0
J Suchith,70.0,61.0,3.0,9.0,6.0,114.75409836065573,19.0,8.6,70.0,21.0,478.5
J Syed Mohammad,29.0,26.0,0.0,5.0,4.0,111.53846153846155,8.0,8.84375,32.0,11.0,201.45
J Theron,10.0,12.0,0.0,4.0,1.0,83.33333333333334,11.0,8.199095022624434,36.833333333333336,10.0,275.5
J Yadav,40.0,36.0,1.0,4.0,2.0,111.11111111111111,8.0,6.846153846153846,65.0,20.0,202.0
JA Morkel,975.0,687.0,55.0,67.0,61.0,141.92139737991266,85.0,8.214741729541498,287.1666666666667,87.0,2173.75
JA Richardson,17.0,26.0,0.0,3.0,2.0,65.38461538461539,3.0,10.466666666666667,15.0,4.0,75.85
JC Archer,199.0,128.0,14.0,23.0,11.0,155.46875,48.0,7.406546990496303,157.83333333333334,40.0,1209.95
JC Buttler,3583.0,2430.0,161.0,106.0,356.0,147.4485596707819,0.0,0.0,0.0,0.0,179.15
JD Ryder,604.0,458.0,19.0,29.0,69.0,131.87772925764193,8.0,7.703389830508474,39.333333333333336,16.0,230.2
JD Unadkat,197.0,166.0,7.0,27.0,16.0,118.67469879518073,100.0,8.978883153449084,355.1666666666667,104.0,2509.85
JDP Oram,106.0,108.0,5.0,11.0,6.0,98.14814814814815,9.0,8.835443037974683,39.5,14.0,230.3
JDS Neesham,92.0,93.0,2.0,10.0,6.0,98.9247311827957,8.0,9.277777777777779,36.0,13.0,204.6
JE Root,10.0,15.0,0.0,1.0,1.0,66.66666666666666,0.0,7.0,2.0,1.0,0.5
JE Taylor,3.0,3.0,0.0,2.0,0.0,100.0,6.0,8.051282051282051,19.5,5.0,150.15
JEC Franklin,327.0,301.0,9.0,16.0,25.0,108.63787375415282,9.0,8.741721854304636,25.166666666666668,15.0,241.35
JH Kallis,2427.0,2222.0,44.0,95.0,255.0,109.22592259225922,65.0,7.897818599311137,290.3333333333333,89.0,1746.35
JJ Bumrah,68.0,78.0,1.0,26.0,5.0,87.17948717948718,168.0,7.303414634146342,512.5,133.0,4203.4
JJ Roy,614.0,443.0,21.0,21.0,75.0,138.6004514672686,0.0,0.0,0.0,0.0,30.700000000000003
JJ van der Wath,18.0,16.0,1.0,3.0,1.0,112.5,3.0,10.75,12.0,3.0,75.9
JL Denly,0.0,1.0,0.0,1.0,0.0,0.0,0.0,0.0,0.0,0.0,0.0
JL Pattinson,15.0,13.0,0.0,2.0,2.0,115.38461538461537,11.0,9.014084507042254,35.5,10.0,275.75
JM Bairstow,1589.0,1100.0,69.0,50.0,166.0,144.45454545454547,0.0,0.0,0.0,0.0,79.45
JM Kemp,26.0,24.0,1.0,2.0,1.0,108.33333333333333,3.0,7.363636363636364,7.333333333333333,5.0,76.3
JM Sharma,730.0,483.0,45.0,36.0,53.0,151.13871635610764,0.0,0.0,0.0,0.0,36.5
JO Holder,259.0,211.0,18.0,27.0,13.0,122.74881516587676,53.0,8.81005025125628,165.83333333333334,46.0,1337.95
JP Behrendorff,6.0,9.0,0.0,2.0,0.0,66.66666666666666,19.0,9.049180327868852,61.0,17.0,475.3
JP Duminy,2029.0,1636.0,79.0,75.0,126.0,124.02200488997555,23.0,7.380530973451328,113.0,49.0,676.45
JP Faulkner,527.0,390.0,23.0,45.0,36.0,135.12820512820514,61.0,8.718901453957997,206.33333333333334,60.0,1551.35
JPR Scantlebury-Searles,8.0,6.0,1.0,2.0,0.0,133.33333333333331,2.0,12.714285714285714,7.0,3.0,50.4
JR Hazlewood,19.0,28.0,0.0,6.0,1.0,67.85714285714286,35.0,8.059701492537313,100.5,27.0,875.95
JR Hopes,417.0,306.0,11.0,19.0,49.0,136.27450980392157,14.0,9.133333333333333,60.0,20.0,370.85
JR Philippe,78.0,77.0,1.0,5.0,9.0,101.29870129870129,0.0,0.0,0.0,0.0,3.9000000000000004
JW Hastings,0.0,0.0,0.0,0.0,0.0,0.0,3.0,6.8275862068965525,9.666666666666666,3.0,75.0
Jalaj S Saxena,0.0,0.0,0.0,0.0,0.0,0.0,0.0,9.0,3.0,1.0,0.0
Jaskaran Singh,8.0,11.0,0.0,4.0,0.0,72.72727272727273,6.0,10.058823529411764,17.0,7.0,150.4
Joginder Sharma,36.0,30.0,2.0,5.0,1.0,120.0,12.0,9.8203125,42.666666666666664,15.0,301.8
K Goel,218.0,231.0,9.0,16.0,17.0,94.37229437229438,0.0,8.454545454545455,11.0,6.0,10.9
K Gowtham,247.0,148.0,17.0,27.0,15.0,166.89189189189187,21.0,8.244897959183673,98.0,35.0,537.35
K Kartikeya,9.0,12.0,0.0,2.0,1.0,75.0,10.0,8.435897435897436,39.0,12.0,250.45
K Khejroliya,0.0,0.0,0.0,0.0,0.0,0.0,5.0,10.760330578512397,20.166666666666668,7.0,125.0
K Rabada,206.0,193.0,8.0,28.0,16.0,106.73575129533678,120.0,8.453799890650629,304.8333333333333,80.0,3010.3
K Santokie,0.0,0.0,0.0,0.0,0.0,0.0,3.0,11.25,8.0,2.0,75.0
K Upadhyay,12.0,9.0,1.0,2.0,0.0,133.33333333333331,0.0,9.0,9.0,3.0,0.6000000000000001
K Yadav,0.0,4.0,0.0,1.0,0.0,0.0,2.0,9.333333333333334,9.0,3.0,50.0
KA Jamieson,65.0,55.0,3.0,7.0,5.0,118.18181818181819,9.0,9.607142857142858,28.0,9.0,228.25
KA Maharaj,1.0,2.0,0.0,1.0,0.0,50.0,2.0,6.5,6.0,2.0,50.05
KA Pollard,3437.0,2329.0,224.0,168.0,221.0,147.57406612279948,69.0,8.790322580645162,248.0,107.0,1896.85
KAJ Roach,10.0,9.0,0.0,1.0,1.0,111.11111111111111,0.0,10.0,8.0,2.0,0.5
KB Arun Karthik,51.0,51.0,1.0,8.0,4.0,100.0,0.0,0.0,0.0,0.0,2.5500000000000003
KC Cariappa,24.0,21.0,2.0,5.0,0.0,114.28571428571428,8.0,9.666666666666666,36.0,11.0,201.2
KC Sangakkara,1687.0,1392.0,27.0,68.0,195.0,121.19252873563218,0.0,0.0,0.0,0.0,84.35000000000001
KD Karthik,4843.0,3580.0,161.0,233.0,466.0,135.27932960893853,0.0,0.0,0.0,0.0,242.15
KH Pandya,1647.0,1240.0,61.0,107.0,144.0,132.82258064516128,76.0,7.368520263901979,353.6666666666667,117.0,1982.35
KJ Abbott,13.0,8.0,1.0,3.0,0.0,162.5,2.0,11.0625,16.0,5.0,50.65
KK Ahmed,1.0,7.0,0.0,5.0,0.0,14.285714285714285,75.0,8.844827586206897,212.66666666666666,57.0,1875.05
KK Cooper,116.0,68.0,8.0,12.0,9.0,170.58823529411765,33.0,7.885416666666667,96.0,25.0,830.8
KK Nair,1496.0,1171.0,39.0,68.0,161.0,127.75405636208367,0.0,0.0,0.0,0.0,74.8
KL Nagarkoti,22.0,33.0,0.0,7.0,1.0,66.66666666666666,5.0,9.5,30.0,11.0,126.1
KL Rahul,4689.0,3485.0,187.0,122.0,400.0,134.54806312769009,0.0,0.0,0.0,0.0,234.45000000000002
KM Asif,0.0,2.0,0.0,1.0,0.0,0.0,7.0,10.298507462686567,22.333333333333332,7.0,175.0
KM Jadhav,1208.0,981.0,40.0,81.0,102.0,123.13965341488277,0.0,0.0,0.0,0.0,60.400000000000006
KMA Paul,18.0,24.0,1.0,5.0,1.0,75.0,9.0,8.723926380368098,27.166666666666668,8.0,225.9
KMDN Kulasekara,5.0,3.0,0.0,1.0,1.0,166.66666666666669,5.0,7.0588235294117645,17.0,5.0,125.25
KP Appanna,2.0,4.0,0.0,3.0,0.0,50.0,9.0,7.944444444444445,36.0,13.0,225.1
KP Pietersen,1001.0,743.0,40.0,36.0,91.0,134.72409152086138,7.0,7.413793103448276,29.0,13.0,225.05
KR Mayers,379.0,263.0,22.0,13.0,38.0,144.106463878327,0.0,8.428571428571429,7.0,6.0,18.95
KR Sen,0.0,3.0,0.0,1.0,0.0,0.0,14.0,9.634854771784234,40.166666666666664,12.0,350.0
KS Bharat,199.0,163.0,8.0,8.0,12.0,122.08588957055215,0.0,0.0,0.0,0.0,9.950000000000001
KS Sharma,16.0,25.0,0.0,3.0,1.0,64.0,0.0,0.0,0.0,0.0,0.8
KS Williamson,2132.0,1697.0,64.0,76.0,187.0,125.63347083087801,0.0,10.333333333333334,3.0,2.0,106.60000000000001
KT Maphaka,0.0,0.0,0.0,0.0,0.0,0.0,1.0,14.833333333333334,6.0,2.0,25.0
KV Sharma,351.0,294.0,17.0,39.0,20.0,119.38775510204083,77.0,8.375919732441472,249.16666666666666,82.0,1942.55
KW Richardson,36.0,39.0,1.0,4.0,2.0,92.3076923076923,20.0,8.453731343283582,55.833333333333336,15.0,501.8
Kamran Akmal,128.0,78.0,8.0,6.0,13.0,164.1025641025641,0.0,0.0,0.0,0.0,6.4
Kamran Khan,3.0,5.0,0.0,1.0,0.0,60.0,10.0,8.638554216867469,27.666666666666668,9.0,250.15
Karanveer Singh,12.0,17.0,0.0,4.0,1.0,70.58823529411765,12.0,9.441176470588236,34.0,9.0,300.6
Kartik Tyagi,13.0,16.0,0.0,6.0,1.0,81.25,15.0,10.13744075829384,70.33333333333333,20.0,375.65
Kuldeep Yadav,183.0,216.0,3.0,32.0,16.0,84.72222222222221,87.0,8.206185567010309,291.0,82.0,2184.15
Kumar Kushagra,3.0,7.0,0.0,3.0,0.0,42.857142857142854,0.0,0.0,0.0,0.0,0.15000000000000002
L Ablish,0.0,2.0,0.0,1.0,0.0,0.0,3.0,10.714285714285714,7.0,3.0,75.0
L Balaji,36.0,49.0,1.0,13.0,2.0,73.46938775510205,76.0,8.047619047619047,252.0,73.0,1901.8
L Ngidi,0.0,0.0,0.0,0.0,0.0,0.0,25.0,8.296296296296296,54.0,14.0,625.0
L Ronchi,34.0,34.0,1.0,5.0,6.0,100.0,0.0,0.0,0.0,0.0,1.7000000000000002
L Wood,9.0,3.0,1.0,1.0,0.0,300.0,1.0,15.5,6.0,2.0,25.45
LA Carseldine,81.0,68.0,0.0,5.0,11.0,119.11764705882352,1.0,6.0,1.0,1.0,29.05
LA Pomersbach,302.0,246.0,13.0,16.0,25.0,122.76422764227641,0.0,0.0,0.0,0.0,15.100000000000001
LB Williams,1.0,2.0,0.0,1.0,0.0,50.0,1.0,11.513513513513512,6.166666666666667,2.0,25.05
LE Plunkett,1.0,3.0,0.0,2.0,0.0,33.33333333333333,4.0,9.0,25.0,7.0,100.05
LH Ferguson,68.0,46.0,2.0,7.0,6.0,147.82608695652172,48.0,8.943632567849688,159.66666666666666,45.0,1203.4
LI Meriwala,0.0,0.0,0.0,0.0,0.0,0.0,1.0,10.666666666666666,3.0,1.0,25.0
LJ Wright,106.0,60.0,3.0,5.0,16.0,176.66666666666666,2.0,10.47887323943662,11.833333333333334,6.0,55.3
LMP Simmons,1079.0,852.0,44.0,29.0,109.0,126.6431924882629,1.0,11.333333333333334,3.0,1.0,78.95
LPC Silva,40.0,26.0,1.0,3.0,5.0,153.84615384615387,0.0,21.0,1.0,1.0,2.0
LR Shukla,405.0,350.0,16.0,33.0,33.0,115.71428571428572,15.0,8.54140127388535,52.333333333333336,27.0,395.25
LRPL Taylor,1017.0,822.0,46.0,54.0,66.0,123.72262773722629,0.0,12.0,2.0,2.0,50.85
LS Livingstone,939.0,578.0,66.0,39.0,66.0,162.4567474048443,11.0,9.13953488372093,43.0,22.0,321.95
Lalit Yadav,305.0,290.0,7.0,21.0,27.0,105.17241379310344,10.0,8.854166666666666,48.0,19.0,265.25
Liton Das,4.0,4.0,0.0,1.0,1.0,100.0,0.0,0.0,0.0,0.0,0.2
M Ashwin,35.0,50.0,1.0,12.0,2.0,70.0,35.0,8.013793103448275,145.0,44.0,876.75
M Jansen,66.0,66.0,2.0,12.0,5.0,100.0,20.0,9.498891352549888,75.16666666666667,21.0,503.3
M Kaif,259.0,250.0,6.0,22.0,22.0,103.60000000000001,0.0,0.0,0.0,0.0,12.950000000000001
M Kartik,113.0,108.0,1.0,14.0,7.0,104.62962962962963,31.0,7.248041775456919,191.5,55.0,780.65
M Klinger,73.0,77.0,0.0,4.0,9.0,94.8051948051948,0.0,0.0,0.0,0.0,3.6500000000000004
M Manhas,514.0,470.0,10.0,38.0,43.0,109.36170212765957,0.0,6.0,7.0,3.0,25.700000000000003
M Markande,48.0,42.0,1.0,10.0,5.0,114.28571428571428,37.0,8.908333333333333,120.0,37.0,927.4
M Morkel,126.0,90.0,5.0,20.0,11.0,140.0,77.0,7.694290976058932,271.5,70.0,1931.3
M Muralitharan,20.0,30.0,0.0,9.0,1.0,66.66666666666666,64.0,6.698952879581152,254.66666666666666,66.0,1601.0
M Ntini,11.0,18.0,0.0,2.0,2.0,61.111111111111114,7.0,6.914285714285715,35.0,9.0,175.55
M Pathirana,0.0,0.0,0.0,0.0,0.0,0.0,34.0,7.875831485587582,75.16666666666667,20.0,850.0
M Prasidh Krishna,9.0,24.0,0.0,7.0,0.0,37.5,50.0,8.916666666666666,192.0,51.0,1250.45
M Rawat,55.0,69.0,1.0,11.0,4.0,79.71014492753623,0.0,0.0,0.0,0.0,2.75
M Shahrukh Khan,553.0,391.0,37.0,37.0,35.0,141.43222506393863,0.0,7.5,2.0,2.0,27.650000000000002
M Siddharth,0.0,0.0,0.0,0.0,0.0,0.0,1.0,7.636363636363637,9.166666666666666,3.0,25.0
M Theekshana,7.0,7.0,1.0,2.0,0.0,100.0,25.0,7.663461538461538,104.0,27.0,625.35
M Vijay,2619.0,2150.0,91.0,105.0,247.0,121.81395348837209,0.0,8.166666666666666,6.0,4.0,130.95000000000002
M Vohra,1083.0,829.0,43.0,51.0,104.0,130.63932448733414,0.0,0.0,0.0,0.0,54.150000000000006
M de Lange,1.0,2.0,0.0,1.0,0.0,50.0,5.0,9.38888888888889,18.0,5.0,125.05
MA Agarwal,2669.0,2002.0,98.0,121.0,265.0,133.3166833166833,0.0,0.0,0.0,0.0,133.45000000000002
MA Khote,24.0,22.0,1.0,3.0,2.0,109.09090909090908,2.0,10.2,5.0,2.0,51.2
MA Starc,105.0,109.0,0.0,16.0,11.0,96.3302752293578,51.0,8.209386281588447,138.5,39.0,1280.25
MA Wood,12.0,8.0,1.0,3.0,1.0,150.0,11.0,8.95,20.0,5.0,275.6
MB Parmar,0.0,0.0,0.0,0.0,0.0,0.0,0.0,11.0,3.0,1.0,0.0
MC Henriques,1000.0,788.0,28.0,54.0,87.0,126.90355329949239,42.0,8.141052631578948,158.33333333333334,60.0,1100.0
MC Juneja,125.0,128.0,1.0,7.0,11.0,97.65625,0.0,0.0,0.0,0.0,6.25
MD Mishra,237.0,208.0,8.0,17.0,24.0,113.9423076923077,0.0,0.0,0.0,0.0,11.850000000000001
MD Shanaka,26.0,26.0,1.0,3.0,2.0,100.0,0.0,0.0,0.0,0.0,1.3
MDKJ Perera,14.0,13.0,0.0,2.0,3.0,107.6923076923077,0.0,0.0,0.0,0.0,0.7000000000000001
MEK Hussey,1977.0,1612.0,52.0,58.0,198.0,122.64267990074443,0.0,0.0,0.0,0.0,98.85000000000001
MF Maharoof,177.0,123.0,9.0,14.0,12.0,143.90243902439025,27.0,7.428571428571429,70.0,20.0,683.85
MG Bracewell,58.0,47.0,1.0,4.0,6.0,123.40425531914893,6.0,8.636363636363637,11.0,5.0,152.9
MG Johnson,167.0,164.0,7.0,28.0,10.0,101.82926829268293,62.0,8.297975708502024,205.83333333333334,54.0,1558.35
MG Neser,0.0,0.0,0.0,0.0,0.0,0.0,0.0,15.5,4.0,1.0,0.0
MJ Clarke,98.0,94.0,0.0,6.0,12.0,104.25531914893618,2.0,6.090909090909091,11.0,5.0,54.9
MJ Guptill,271.0,197.0,15.0,13.0,24.0,137.56345177664974,0.0,0.0,0.0,0.0,13.55
MJ Henry,0.0,0.0,0.0,0.0,0.0,0.0,2.0,10.647058823529411,17.0,6.0,50.0
MJ Lumb,278.0,194.0,6.0,12.0,45.0,143.29896907216494,0.0,0.0,0.0,0.0,13.9
MJ McClenaghan,85.0,70.0,7.0,20.0,5.0,121.42857142857142,71.0,8.491365777080063,212.33333333333334,56.0,1779.25
MJ Santner,70.0,71.0,3.0,11.0,4.0,98.59154929577466,15.0,6.918032786885246,61.0,18.0,378.5
MJ Suthar,1.0,2.0,0.0,1.0,0.0,50.0,0.0,13.0,2.0,1.0,0.05
MK Lomror,527.0,373.0,30.0,35.0,33.0,141.28686327077747,1.0,8.466666666666667,15.0,11.0,51.35
MK Pandey,3859.0,3183.0,111.0,158.0,335.0,121.2378259503613,0.0,0.0,0.0,0.0,192.95000000000002
MK Tiwary,1695.0,1449.0,40.0,83.0,156.0,116.97722567287785,1.0,11.857142857142858,7.0,6.0,109.75
ML Hayden,1107.0,806.0,44.0,32.0,121.0,137.34491315136478,0.0,0.0,0.0,0.0,55.35
MM Ali,1162.0,821.0,67.0,57.0,95.0,141.5347137637028,35.0,7.068601583113456,126.33333333333333,52.0,933.1
MM Patel,39.0,41.0,0.0,12.0,5.0,95.1219512195122,74.0,7.518819188191881,225.83333333333334,63.0,1851.95
MM Sharma,124.0,133.0,4.0,28.0,9.0,93.23308270676691,132.0,8.671105193075899,375.5,111.0,3306.2
MN Samuels,161.0,172.0,7.0,14.0,9.0,93.6046511627907,9.0,7.962616822429907,35.666666666666664,11.0,233.05
MN van Wyk,167.0,132.0,1.0,5.0,19.0,126.51515151515152,0.0,0.0,0.0,0.0,8.35
MP Stoinis,1866.0,1314.0,91.0,88.0,150.0,142.00913242009133,43.0,9.519302615193025,133.83333333333334,62.0,1168.3
MP Yadav,0.0,0.0,0.0,0.0,0.0,0.0,7.0,6.986301369863014,12.166666666666666,4.0,175.0
MR Marsh,665.0,521.0,38.0,36.0,48.0,127.6391554702495,37.0,8.517857142857144,93.33333333333333,34.0,958.25
MS Bisla,798.0,702.0,23.0,39.0,93.0,113.67521367521367,0.0,0.0,0.0,0.0,39.900000000000006
MS Dhoni,5243.0,3812.0,252.0,228.0,363.0,137.53934942287515,0.0,0.0,0.0,0.0,262.15000000000003
MS Gony,99.0,71.0,8.0,15.0,6.0,139.43661971830986,37.0,8.695945945945946,148.0,44.0,929.95
MS Wade,183.0,177.0,2.0,14.0,23.0,103.38983050847457,0.0,0.0,0.0,0.0,9.15
MV Boucher,394.0,309.0,13.0,23.0,32.0,127.50809061488673,0.0,0.0,0.0,0.0,19.700000000000003
MW Short,117.0,92.0,4.0,6.0,15.0,127.17391304347827,0.0,6.25,4.0,3.0,5.8500000000000005
Mandeep Singh,1706.0,1388.0,38.0,97.0,176.0,122.91066282420748,0.0,13.0,2.0,2.0,85.30000000000001
Mashrafe Mortaza,2.0,2.0,0.0,1.0,0.0,100.0,0.0,14.5,4.0,1.0,0.1
Mayank Dagar,0.0,1.0,0.0,1.0,0.0,0.0,2.0,8.89051094890511,22.833333333333332,8.0,50.0
Misbah-ul-Haq,117.0,81.0,6.0,8.0,10.0,144.44444444444443,0.0,0.0,0.0,0.0,5.8500000000000005
Mohammad Ashraful,2.0,10.0,0.0,1.0,0.0,20.0,0.0,0.0,0.0,0.0,0.1
Mohammad Asif,3.0,6.0,0.0,2.0,0.0,50.0,8.0,9.25,32.0,8.0,200.15
Mohammad Hafeez,64.0,83.0,2.0,8.0,7.0,77.10843373493977,2.0,6.8,10.0,4.0,53.2
Mohammad Nabi,221.0,152.0,12.0,19.0,18.0,145.39473684210526,15.0,7.438848920863309,69.5,23.0,386.05
Mohammed Shami,74.0,79.0,2.0,23.0,6.0,93.67088607594937,127.0,8.42464065708419,405.8333333333333,110.0,3178.7
Mohammed Siraj,109.0,119.0,4.0,20.0,10.0,91.59663865546219,94.0,8.647599591419816,326.3333333333333,93.0,2355.45
Mohit Rathee,1.0,2.0,0.0,1.0,0.0,50.0,0.0,14.5,2.0,1.0,0.05
Mohsin Khan,25.0,24.0,1.0,5.0,2.0,104.16666666666667,27.0,8.506172839506172,81.0,23.0,676.25
Monu Kumar,0.0,0.0,0.0,0.0,0.0,0.0,0.0,10.0,2.0,1.0,0.0
Mujeeb Ur Rahman,12.0,15.0,0.0,6.0,2.0,80.0,19.0,8.184331797235023,72.33333333333333,19.0,475.6
Mukesh Choudhary,6.0,6.0,0.0,2.0,1.0,100.0,16.0,9.698924731182796,46.5,14.0,400.3
Mukesh Kumar,10.0,18.0,0.0,5.0,0.0,55.55555555555556,25.0,10.436090225563909,66.5,20.0,625.5
Mustafizur Rahman,13.0,23.0,1.0,6.0,0.0,56.52173913043478,61.0,8.133949191685913,216.5,57.0,1525.65
N Burger,0.0,0.0,0.0,0.0,0.0,0.0,7.0,8.529411764705882,17.0,5.0,175.0
N Jagadeesan,162.0,147.0,2.0,10.0,21.0,110.20408163265304,0.0,0.0,0.0,0.0,8.1
N Pooran,1769.0,1092.0,127.0,72.0,113.0,161.996336996337,0.0,0.0,0.0,0.0,88.45
N Rana,2636.0,1952.0,132.0,101.0,234.0,135.04098360655738,10.0,8.4,30.0,24.0,381.8
N Saini,140.0,141.0,0.0,10.0,16.0,99.29078014184397,0.0,0.0,0.0,0.0,7.0
N Thushara,0.0,0.0,0.0,0.0,0.0,0.0,8.0,9.884615384615385,26.0,7.0,200.0
N Wadhera,350.0,250.0,18.0,16.0,32.0,140.0,0.0,6.5,2.0,1.0,17.5
NA Saini,0.0,0.0,0.0,0.0,0.0,0.0,0.0,17.0,2.0,1.0,0.0
NB Singh,0.0,0.0,0.0,0.0,0.0,0.0,1.0,3.75,4.0,2.0,25.0
ND Doshi,0.0,13.0,0.0,1.0,0.0,0.0,2.0,8.464285714285714,9.333333333333334,4.0,50.0
NJ Maddinson,20.0,21.0,0.0,3.0,4.0,95.23809523809523,0.0,0.0,0.0,0.0,1.0
NJ Rimmington,1.0,1.0,0.0,1.0,0.0,100.0,0.0,6.333333333333333,3.0,1.0,0.05
NK Patel,121.0,119.0,1.0,6.0,14.0,101.68067226890756,0.0,0.0,0.0,0.0,6.050000000000001
NL McCullum,26.0,22.0,1.0,2.0,0.0,118.18181818181819,0.0,6.8,5.0,2.0,1.3
NLTC Perera,424.0,309.0,26.0,30.0,23.0,137.2168284789644,31.0,8.73352435530086,116.33333333333333,36.0,796.2
NM Coulter-Nile,82.0,72.0,4.0,16.0,7.0,113.88888888888889,48.0,7.701283547257876,142.83333333333334,38.0,1204.1
NS Naik,31.0,50.0,0.0,4.0,2.0,62.0,0.0,0.0,0.0,0.0,1.55
NT Ellis,19.0,25.0,1.0,5.0,0.0,76.0,18.0,8.610169491525424,59.0,16.0,450.95
NV Ojha,1554.0,1313.0,79.0,94.0,121.0,118.35491241431835,0.0,0.0,0.0,0.0,77.7
Naman Dhir,140.0,79.0,10.0,7.0,12.0,177.2151898734177,0.0,11.785714285714285,4.666666666666667,3.0,7.0
Navdeep Saini,33.0,37.0,0.0,7.0,3.0,89.1891891891892,24.0,8.705521472392638,108.66666666666667,31.0,601.65
Naveen-ul-Haq,18.0,25.0,0.0,4.0,2.0,72.0,25.0,9.123711340206185,64.66666666666667,17.0,625.9
Nithish Kumar Reddy,303.0,212.0,21.0,11.0,15.0,142.9245283018868,3.0,11.394495412844035,18.166666666666668,9.0,90.15
Noor Ahmad,13.0,18.0,0.0,5.0,2.0,72.22222222222221,24.0,8.036585365853659,82.0,23.0,600.65
O Thomas,0.0,0.0,0.0,0.0,0.0,0.0,5.0,7.9,10.0,4.0,125.0
OA Shah,506.0,389.0,23.0,22.0,34.0,130.0771208226221,0.0,0.0,0.0,0.0,25.3
OC McCoy,8.0,5.0,1.0,1.0,0.0,160.0,11.0,9.222222222222221,27.0,8.0,275.4
OF Smith,51.0,44.0,5.0,6.0,1.0,115.90909090909092,6.0,11.866666666666667,15.0,6.0,152.55
P Amarnath,0.0,0.0,0.0,0.0,0.0,0.0,7.0,10.727272727272727,22.0,6.0,175.0
P Awana,5.0,14.0,0.0,5.0,0.0,35.714285714285715,39.0,8.265060240963855,124.5,33.0,975.25
P Chopra,8.0,6.0,0.0,1.0,2.0,133.33333333333331,0.0,0.0,0.0,0.0,0.4
P Dogra,127.0,138.0,5.0,12.0,4.0,92.02898550724638,0.0,0.0,0.0,0.0,6.3500000000000005
P Dubey,23.0,33.0,0.0,2.0,2.0,69.6969696969697,1.0,8.272727272727273,11.0,4.0,26.15
P Kumar,340.0,314.0,17.0,57.0,22.0,108.28025477707006,90.0,7.728209191759112,420.6666666666667,119.0,2267.0
P Negi,365.0,289.0,16.0,35.0,27.0,126.29757785467129,35.0,7.868715083798883,119.33333333333333,42.0,893.25
P Parameswaran,1.0,2.0,0.0,2.0,0.0,50.0,9.0,8.727272727272727,25.666666666666668,8.0,225.05
P Prasanth,0.0,0.0,0.0,0.0,0.0,0.0,0.0,18.0,1.0,1.0,0.0
P Ray Barman,19.0,24.0,0.0,1.0,2.0,79.16666666666666,0.0,14.0,4.0,1.0,0.9500000000000001
P Sahu,19.0,13.0,1.0,2.0,1.0,146.15384615384613,3.0,8.342857142857143,17.5,5.0,75.95
P Simran Singh,756.0,517.0,41.0,34.0,78.0,146.22823984526113,0.0,0.0,0.0,0.0,37.800000000000004
P Suyal,0.0,0.0,0.0,0.0,0.0,0.0,2.0,9.4375,16.0,5.0,50.0
PA Patel,2848.0,2358.0,49.0,136.0,365.0,120.78032230703985,0.0,0.0,0.0,0.0,142.4
PA Reddy,164.0,160.0,2.0,10.0,15.0,102.49999999999999,0.0,0.0,0.0,0.0,8.200000000000001
PBB Rajapaksa,277.0,191.0,15.0,13.0,22.0,145.0261780104712,0.0,0.0,0.0,0.0,13.850000000000001
PC Valthaty,505.0,418.0,20.0,23.0,61.0,120.8133971291866,7.0,8.14569536423841,25.166666666666668,10.0,200.25
PD Collingwood,203.0,156.0,13.0,7.0,9.0,130.12820512820514,5.0,6.808988764044943,14.833333333333334,6.0,135.15
PD Salt,653.0,372.0,34.0,21.0,74.0,175.53763440860214,0.0,0.0,0.0,0.0,32.65
PH Solanki,0.0,0.0,0.0,0.0,0.0,0.0,2.0,6.333333333333333,6.0,2.0,50.0
PJ Cummins,515.0,344.0,34.0,39.0,33.0,149.7093023255814,63.0,8.747536012130402,219.83333333333334,58.0,1600.75
PJ Sangwan,26.0,44.0,0.0,14.0,1.0,59.09090909090909,38.0,8.69158878504673,142.66666666666666,42.0,951.3
PK Garg,273.0,241.0,9.0,19.0,16.0,113.27800829875518,0.0,0.0,0.0,0.0,13.65
PM Sarvesh Kumar,1.0,2.0,0.0,1.0,0.0,50.0,1.0,8.4,5.0,2.0,25.05
PN Mankad,97.0,73.0,2.0,5.0,13.0,132.87671232876713,0.0,0.0,0.0,0.0,4.8500000000000005
PP Chawla,624.0,563.0,20.0,86.0,56.0,110.8348134991119,192.0,7.960519480519481,641.6666666666666,191.0,4831.2
PP Ojha,16.0,45.0,0.0,19.0,0.0,35.55555555555556,89.0,7.38388625592417,316.5,90.0,2225.8
PP Shaw,1892.0,1283.0,61.0,79.0,238.0,147.4668745128605,0.0,0.0,0.0,0.0,94.60000000000001
PR Shah,92.0,91.0,2.0,9.0,9.0,101.0989010989011,0.0,0.0,0.0,0.0,4.6000000000000005
PSP Handscomb,6.0,12.0,0.0,1.0,0.0,50.0,0.0,0.0,0.0,0.0,0.30000000000000004
PV Tambe,18.0,39.0,0.0,6.0,1.0,46.15384615384615,28.0,7.754545454545455,110.0,33.0,700.9
PVD Chameera,43.0,28.0,3.0,7.0,3.0,153.57142857142858,9.0,9.191489361702128,47.0,13.0,227.15
PWH de Silva,72.0,73.0,1.0,14.0,7.0,98.63013698630137,35.0,8.130434782608695,92.0,26.0,878.6
Pankaj Singh,7.0,12.0,0.0,5.0,0.0,58.333333333333336,11.0,9.36,50.0,17.0,275.35
Parvez Rasool,17.0,20.0,0.0,4.0,1.0,85.0,4.0,8.212121212121213,33.0,11.0,100.85
Q de Kock,3160.0,2355.0,123.0,107.0,316.0,134.18259023354565,0.0,0.0,0.0,0.0,158.0
R Ashwin,800.0,675.0,28.0,89.0,61.0,118.5185185185185,181.0,7.120689655172414,754.0,208.0,4565.0
R Bhatia,342.0,284.0,13.0,47.0,24.0,120.4225352112676,71.0,7.408312958435207,272.6666666666667,91.0,1792.1
R Bishnoi,19.0,17.0,2.0,3.0,1.0,111.76470588235294,0.0,0.0,0.0,0.0,0.9500000000000001
R Dhawan,210.0,187.0,7.0,22.0,18.0,112.29946524064172,25.0,8.075528700906345,110.33333333333333,36.0,635.5
R Dravid,2174.0,1882.0,28.0,82.0,269.0,115.5154091392136,0.0,0.0,0.0,0.0,108.7
R Goyal,0.0,0.0,0.0,0.0,0.0,0.0,0.0,8.25,4.0,1.0,0.0
R McLaren,159.0,171.0,1.0,13.0,14.0,92.98245614035088,12.0,9.186440677966102,59.0,18.0,307.95
R Ninan,3.0,6.0,0.0,1.0,0.0,50.0,3.0,10.833333333333334,6.0,2.0,75.15
R Parag,1173.0,868.0,60.0,58.0,84.0,135.13824884792626,4.0,10.525714285714285,29.166666666666668,21.0,158.65
R Powell,360.0,244.0,28.0,22.0,21.0,147.54098360655738,1.0,11.666666666666666,3.0,2.0,43.0
R Rampaul,51.0,50.0,2.0,7.0,3.0,102.0,16.0,6.917910447761194,44.666666666666664,12.0,402.55
R Ravindra,222.0,138.0,12.0,10.0,22.0,160.8695652173913,0.0,3.5,2.0,2.0,11.100000000000001
R Sai Kishore,13.0,6.0,2.0,1.0,0.0,216.66666666666666,13.0,8.32258064516129,31.0,10.0,325.65
R Sanjay Yadav,0.0,2.0,0.0,1.0,0.0,0.0,0.0,11.5,2.0,1.0,0.0
R Sathish,270.0,231.0,6.0,24.0,22.0,116.88311688311688,3.0,10.014388489208633,23.166666666666668,14.0,88.5
R Sharma,66.0,75.0,3.0,19.0,5.0,88.0,40.0,7.0215517241379315,154.66666666666666,44.0,1003.3
R Shepherd,115.0,63.0,10.0,9.0,7.0,182.53968253968253,4.0,12.238095238095237,21.0,8.0,105.75
R Shukla,19.0,23.0,0.0,4.0,2.0,82.6086956521739,5.0,10.4,20.0,7.0,125.95
R Tewatia,1013.0,752.0,47.0,65.0,84.0,134.70744680851064,33.0,7.907473309608541,140.5,52.0,875.65
R Vinay Kumar,310.0,274.0,9.0,42.0,21.0,113.13868613138686,105.0,8.423131170662906,354.5,104.0,2640.5
RA Bawa,11.0,14.0,0.0,2.0,1.0,78.57142857142857,0.0,0.0,0.0,0.0,0.55
RA Jadeja,2959.0,2280.0,107.0,180.0,215.0,129.78070175438597,160.0,7.6218333768608,638.1666666666666,211.0,4147.95
RA Shaikh,0.0,0.0,0.0,0.0,0.0,0.0,0.0,11.0,1.0,1.0,0.0
RA Tripathi,2236.0,1605.0,84.0,93.0,223.0,139.31464174454828,0.0,12.0,1.0,1.0,111.80000000000001
RD Chahar,129.0,124.0,5.0,22.0,13.0,104.03225806451613,75.0,7.719951923076923,277.3333333333333,77.0,1881.45
RD Gaikwad,2380.0,1739.0,91.0,65.0,217.0,136.860264519839,0.0,0.0,0.0,0.0,119.0
RE Levi,83.0,73.0,4.0,6.0,10.0,113.69863013698631,0.0,0.0,0.0,0.0,4.15
RE van der Merwe,159.0,141.0,8.0,15.0,11.0,112.7659574468085,21.0,6.744920993227991,73.83333333333333,21.0,532.95
RG More,2.0,2.0,0.0,1.0,0.0,100.0,1.0,10.114285714285716,5.833333333333333,2.0,25.1
RG Sharma,6630.0,5057.0,281.0,251.0,599.0,131.10539845758356,15.0,8.017699115044248,56.5,32.0,706.5
RJ Gleeson,2.0,2.0,0.0,1.0,0.0,100.0,1.0,9.063829787234043,7.833333333333333,2.0,25.1
RJ Harris,117.0,112.0,3.0,21.0,6.0,104.46428571428572,45.0,7.55048076923077,138.66666666666666,37.0,1130.85
RJ Peterson,32.0,30.0,1.0,5.0,3.0,106.66666666666667,3.0,8.75,8.0,4.0,76.6
RJ Quiney,103.0,102.0,3.0,7.0,12.0,100.98039215686273,0.0,0.0,0.0,0.0,5.15
RJW Topley,3.0,6.0,0.0,1.0,0.0,50.0,5.0,10.705882352941176,17.0,5.0,125.15
RK Bhui,10.0,26.0,0.0,4.0,0.0,38.46153846153847,0.0,0.0,0.0,0.0,0.5
RK Singh,893.0,623.0,46.0,40.0,67.0,143.338683788122,0.0,0.0,0.0,0.0,44.650000000000006
RM Patidar,799.0,503.0,54.0,24.0,51.0,158.84691848906562,0.0,0.0,0.0,0.0,39.95
RN ten Doeschate,326.0,235.0,15.0,21.0,26.0,138.72340425531914,2.0,7.230769230769231,13.0,10.0,66.3
RP Meredith,0.0,3.0,0.0,2.0,0.0,0.0,19.0,9.463917525773196,64.66666666666667,18.0,475.0
RP Singh,52.0,76.0,1.0,28.0,2.0,68.42105263157895,90.0,7.903098591549297,295.8333333333333,82.0,2252.6
RR Bhatkal,0.0,2.0,0.0,1.0,0.0,0.0,0.0,17.5,2.0,1.0,0.0
RR Bose,0.0,0.0,0.0,0.0,0.0,0.0,0.0,12.0,2.0,1.0,0.0
RR Pant,3297.0,2215.0,154.0,110.0,298.0,148.8487584650113,0.0,0.0,0.0,0.0,164.85000000000002
RR Powar,67.0,64.0,1.0,9.0,6.0,104.6875,13.0,7.422535211267606,71.0,26.0,328.35
RR Raje,20.0,18.0,1.0,5.0,1.0,111.11111111111111,6.0,9.021582733812949,23.166666666666668,10.0,151.0
RR Rossouw,473.0,308.0,25.0,22.0,45.0,153.57142857142858,0.0,0.0,0.0,0.0,23.650000000000002
RR Sarwan,73.0,75.0,1.0,4.0,6.0,97.33333333333334,0.0,0.0,0.0,0.0,3.6500000000000004
RS Bopara,531.0,453.0,16.0,22.0,39.0,117.21854304635761,11.0,8.504854368932039,34.333333333333336,14.0,301.55
RS Gavaskar,2.0,8.0,0.0,1.0,0.0,25.0,0.0,8.0,1.0,1.0,0.1
RS Hangargekar,0.0,0.0,0.0,0.0,0.0,0.0,3.0,10.0,6.0,2.0,75.0
RS Sodhi,4.0,2.0,0.0,1.0,1.0,200.0,0.0,0.0,0.0,0.0,0.2
RT Ponting,91.0,128.0,2.0,9.0,5.0,71.09375,0.0,0.0,0.0,0.0,4.55
RV Gomez,50.0,51.0,1.0,9.0,5.0,98.0392156862745,5.0,8.0625,16.0,9.0,127.5
RV Patel,80.0,73.0,2.0,7.0,6.0,109.58904109589041,0.0,7.333333333333333,3.0,1.0,4.0
RV Uthappa,4954.0,3801.0,182.0,197.0,481.0,130.33412259931595,0.0,0.0,0.0,0.0,247.70000000000002
RW Price,0.0,0.0,0.0,0.0,0.0,0.0,0.0,11.0,3.0,1.0,0.0
Rahmanullah Gurbaz,289.0,216.0,19.0,13.0,24.0,133.7962962962963,0.0,0.0,0.0,0.0,14.450000000000001
Ramandeep Singh,170.0,102.0,13.0,13.0,8.0,166.66666666666669,6.0,9.45,6.666666666666667,4.0,158.5
Rashid Khan,545.0,337.0,38.0,58.0,39.0,161.72106824925817,149.0,6.825208913649025,478.6666666666667,121.0,3752.25
Rasikh Salam,40.0,40.0,0.0,6.0,5.0,100.0,9.0,10.430769230769231,32.5,11.0,227.0
Ravi Bishnoi,32.0,50.0,0.0,14.0,2.0,64.0,63.0,7.807228915662651,235.16666666666666,65.0,1576.6
S Anirudha,136.0,113.0,7.0,12.0,9.0,120.35398230088497,0.0,0.0,0.0,0.0,6.800000000000001
S Aravind,59.0,57.0,0.0,10.0,7.0,103.50877192982458,45.0,8.202631578947368,126.66666666666667,38.0,1127.95
S Badree,13.0,23.0,0.0,5.0,0.0,56.52173913043478,11.0,7.4186046511627906,43.0,12.0,275.65
S Badrinath,1441.0,1212.0,28.0,65.0,154.0,118.8943894389439,0.0,0.0,0.0,0.0,72.05
S Chanderpaul,25.0,31.0,0.0,3.0,4.0,80.64516129032258,0.0,0.0,0.0,0.0,1.25
S Dhawan,6769.0,5326.0,153.0,221.0,768.0,127.09350356740518,4.0,8.25,8.0,6.0,438.45000000000005
S Dube,1502.0,1024.0,101.0,61.0,86.0,146.6796875,5.0,9.642857142857142,18.666666666666668,14.0,200.10000000000002
S Gopal,180.0,169.0,2.0,22.0,19.0,106.50887573964498,52.0,8.167507568113018,165.16666666666666,51.0,1309.0
S Joseph,0.0,0.0,0.0,0.0,0.0,0.0,0.0,11.75,4.0,1.0,0.0
S Kaul,20.0,36.0,0.0,9.0,1.0,55.55555555555556,58.0,8.630272952853598,201.5,55.0,1451.0
S Kaushik,0.0,1.0,0.0,1.0,0.0,0.0,6.0,8.735294117647058,34.0,10.0,150.0
S Ladda,0.0,9.0,0.0,2.0,0.0,0.0,5.0,9.73913043478261,23.0,9.0,125.0
S Lamichhane,0.0,1.0,0.0,1.0,0.0,0.0,13.0,8.342857142857143,35.0,9.0,325.0
S Midhun,0.0,0.0,0.0,0.0,0.0,0.0,0.0,13.5,2.0,1.0,0.0
S Nadeem,39.0,87.0,0.0,20.0,2.0,44.827586206896555,48.0,7.564664310954063,235.83333333333334,70.0,1201.95
S Narwal,37.0,27.0,0.0,4.0,6.0,137.03703703703704,5.0,11.433962264150942,17.666666666666668,6.0,126.85
S Rana,91.0,81.0,1.0,8.0,9.0,112.34567901234568,0.0,6.75,2.6666666666666665,3.0,4.55
S Randiv,2.0,4.0,0.0,1.0,0.0,50.0,6.0,7.689655172413793,29.0,8.0,150.1
S Sandeep Warrier,0.0,0.0,0.0,0.0,0.0,0.0,8.0,9.035714285714286,28.0,10.0,200.0
S Sohal,368.0,292.0,18.0,20.0,34.0,126.02739726027397,0.0,0.0,0.0,0.0,18.400000000000002
S Sreesanth,34.0,55.0,0.0,12.0,6.0,61.81818181818181,41.0,8.14090909090909,146.66666666666666,44.0,1026.7
S Sriram,31.0,36.0,0.0,2.0,3.0,86.11111111111111,0.0,16.333333333333332,3.0,2.0,1.55
S Tyagi,3.0,4.0,0.0,1.0,0.0,75.0,6.0,8.4688995215311,34.833333333333336,14.0,150.15
S Vidyut,145.0,109.0,3.0,8.0,21.0,133.0275229357798,1.0,11.0,2.0,1.0,32.25
SA Abbott,22.0,18.0,2.0,3.0,1.0,122.22222222222223,1.0,11.555555555555555,9.0,3.0,26.1
SA Asnodkar,423.0,339.0,10.0,19.0,56.0,124.7787610619469,0.0,0.0,0.0,0.0,21.150000000000002
SA Yadav,3594.0,2474.0,130.0,135.0,385.0,145.2708164915117,0.0,8.0,1.0,1.0,179.70000000000002
SB Bangar,49.0,58.0,3.0,7.0,1.0,84.48275862068965,4.0,8.76,25.0,9.0,102.45
SB Dubey,33.0,19.0,2.0,3.0,3.0,173.6842105263158,0.0,0.0,0.0,0.0,1.6500000000000001
SB Jakati,28.0,29.0,0.0,5.0,3.0,96.55172413793103,47.0,8.023963133640553,180.83333333333334,57.0,1176.4
SB Joshi,6.0,14.0,0.0,2.0,0.0,42.857142857142854,1.0,8.945454545454545,9.166666666666666,4.0,25.3
SB Styris,131.0,133.0,3.0,10.0,10.0,98.49624060150376,8.0,7.666666666666667,36.0,11.0,206.55
SB Wagh,2.0,3.0,0.0,2.0,0.0,66.66666666666666,5.0,8.058823529411764,17.0,8.0,125.1
SC Ganguly,1349.0,1263.0,42.0,56.0,137.0,106.80918448139352,10.0,7.891304347826087,46.0,20.0,317.45
SC Kuggeleijn,0.0,0.0,0.0,0.0,0.0,0.0,2.0,8.875,8.0,2.0,50.0
SD Chitnis,99.0,89.0,2.0,8.0,10.0,111.23595505617978,2.0,10.0,6.0,2.0,54.95
SD Hope,183.0,122.0,12.0,9.0,12.0,150.0,0.0,0.0,0.0,0.0,9.15
SD Lad,15.0,13.0,1.0,1.0,1.0,115.38461538461537,0.0,0.0,0.0,0.0,0.75
SE Bond,1.0,2.0,0.0,1.0,0.0,50.0,9.0,7.225806451612903,31.0,8.0,225.05
SE Marsh,2489.0,1871.0,78.0,69.0,269.0,133.0304649919829,0.0,0.0,0.0,0.0,124.45
SE Rutherford,106.0,104.0,8.0,9.0,3.0,101.92307692307692,1.0,8.634146341463415,6.833333333333333,6.0,30.3
SH Johnson,6.0,7.0,0.0,3.0,1.0,85.71428571428571,4.0,9.4375,16.0,5.0,100.3
SJ Srivastava,5.0,5.0,0.0,4.0,0.0,100.0,14.0,9.382978723404255,47.0,14.0,350.25
SK Raina,5536.0,4046.0,204.0,200.0,506.0,136.82649530400394,25.0,7.387665198237885,151.33333333333334,69.0,901.8
SK Trivedi,42.0,59.0,1.0,14.0,3.0,71.1864406779661,65.0,7.585657370517929,251.0,75.0,1627.1
SK Warne,198.0,214.0,6.0,27.0,14.0,92.5233644859813,57.0,7.271356783919598,199.0,54.0,1434.9
SL Malinga,88.0,99.0,5.0,20.0,6.0,88.88888888888889,170.0,7.152050919377652,471.3333333333333,122.0,4254.4
SM Boland,0.0,0.0,0.0,0.0,0.0,0.0,2.0,7.714285714285714,7.0,2.0,50.0
SM Curran,883.0,647.0,37.0,48.0,74.0,136.47604327666153,58.0,9.652836579170195,196.83333333333334,58.0,1494.15
SM Harwood,9.0,14.0,0.0,2.0,0.0,64.28571428571429,3.0,7.3,10.0,3.0,75.45
SM Katich,241.0,186.0,8.0,11.0,26.0,129.56989247311827,0.0,0.0,0.0,0.0,12.05
SM Pollock,147.0,111.0,8.0,8.0,12.0,132.43243243243242,11.0,6.543478260869565,46.0,13.0,282.35
SMSM Senanayake,10.0,17.0,0.0,4.0,0.0,58.82352941176471,9.0,6.53125,32.0,8.0,225.5
SN Khan,585.0,448.0,14.0,36.0,63.0,130.58035714285714,0.0,18.0,0.3333333333333333,1.0,29.25
SN Thakur,307.0,221.0,13.0,35.0,27.0,138.91402714932127,94.0,9.22508038585209,311.0,92.0,2365.35
SO Hetmyer,1243.0,812.0,82.0,65.0,76.0,153.07881773399015,0.0,0.0,0.0,0.0,62.150000000000006
SP Fleming,196.0,165.0,3.0,10.0,27.0,118.7878787878788,0.0,0.0,0.0,0.0,9.8
SP Goswami,293.0,295.0,3.0,21.0,32.0,99.32203389830508,0.0,0.0,0.0,0.0,14.65
SP Jackson,61.0,57.0,1.0,8.0,5.0,107.01754385964912,0.0,0.0,0.0,0.0,3.0500000000000003
SP Narine,1534.0,925.0,97.0,106.0,164.0,165.83783783783784,180.0,6.736584170546435,680.1666666666666,175.0,4576.7
SPD Smith,2495.0,1945.0,60.0,93.0,226.0,128.2776349614396,0.0,15.0,0.3333333333333333,1.0,124.75
SR Tendulkar,2334.0,1948.0,29.0,78.0,296.0,119.81519507186857,0.0,9.666666666666666,6.0,4.0,116.7
SR Watson,3880.0,2813.0,190.0,141.0,377.0,137.93103448275863,92.0,7.931000492853622,338.1666666666667,105.0,2494.0
SS Agarwal,0.0,0.0,0.0,0.0,0.0,0.0,1.0,10.5,4.0,1.0,25.0
SS Cottrell,0.0,2.0,0.0,1.0,0.0,0.0,6.0,8.8,20.0,6.0,150.0
SS Iyer,3131.0,2455.0,113.0,114.0,272.0,127.5356415478615,0.0,7.0,1.0,1.0,156.55
SS Mundhe,0.0,0.0,0.0,0.0,0.0,0.0,1.0,6.0,1.0,1.0,25.0
SS Prabhudessai,126.0,106.0,4.0,10.0,11.0,118.86792452830188,0.0,0.0,0.0,0.0,6.300000000000001
SS Sarkar,0.0,0.0,0.0,0.0,0.0,0.0,1.0,8.16,4.166666666666667,2.0,25.0
SS Shaikh,6.0,7.0,0.0,1.0,1.0,85.71428571428571,0.0,0.0,0.0,0.0,0.30000000000000004
SS Tiwary,1494.0,1244.0,50.0,73.0,111.0,120.09646302250805,0.0,0.0,0.0,0.0,74.7
SSB Magala,0.0,0.0,0.0,0.0,0.0,0.0,1.0,8.5,6.0,2.0,25.0
ST Jayasuriya,768.0,532.0,39.0,30.0,84.0,144.36090225563908,13.0,7.959183673469388,49.0,21.0,363.4
STR Binny,880.0,683.0,35.0,66.0,66.0,128.84333821376282,23.0,7.656565656565657,99.0,63.0,619.0
SV Samson,4419.0,3180.0,206.0,162.0,352.0,138.96226415094338,0.0,0.0,0.0,0.0,220.95000000000002
SW Billings,503.0,388.0,20.0,27.0,40.0,129.63917525773198,0.0,0.0,0.0,0.0,25.150000000000002
SW Tait,23.0,26.0,1.0,5.0,1.0,88.46153846153845,24.0,8.118393234672306,78.83333333333333,21.0,601.15
SZ Mulani,1.0,1.0,0.0,1.0,0.0,100.0,0.0,11.4,5.0,2.0,0.05
Sachin Baby,144.0,118.0,5.0,11.0,11.0,122.03389830508475,2.0,4.8,1.6666666666666667,2.0,57.2
Salman Butt,193.0,161.0,2.0,7.0,30.0,119.87577639751552,0.0,0.0,0.0,0.0,9.65
Sameer Rizvi,51.0,43.0,2.0,5.0,4.0,118.6046511627907,0.0,0.0,0.0,0.0,2.5500000000000003
Sandeep Sharma,54.0,70.0,0.0,25.0,4.0,77.14285714285715,137.0,7.885896527285613,470.3333333333333,126.0,3427.7
Sanvir Singh,25.0,21.0,1.0,5.0,2.0,119.04761904761905,0.0,0.0,0.0,0.0,1.25
Saurav Chauhan,18.0,15.0,1.0,3.0,1.0,120.0,0.0,0.0,0.0,0.0,0.9
Shahbaz Ahmed,536.0,440.0,25.0,37.0,28.0,121.81818181818183,21.0,9.35195530726257,89.5,42.0,551.8
Shahid Afridi,81.0,46.0,6.0,9.0,7.0,176.08695652173913,9.0,7.5,30.0,10.0,229.05
Shakib Al Hasan,795.0,639.0,21.0,52.0,73.0,124.4131455399061,63.0,7.435309973045822,247.33333333333334,70.0,1614.75
Shashank Singh,423.0,262.0,25.0,19.0,33.0,161.45038167938932,1.0,8.333333333333334,3.0,3.0,46.150000000000006
Shivam Mavi,51.0,56.0,2.0,11.0,4.0,91.07142857142857,30.0,8.708782742681047,108.16666666666667,32.0,752.55
Shivam Sharma,5.0,3.0,0.0,2.0,1.0,166.66666666666669,4.0,8.68421052631579,19.0,5.0,100.25
Shivam Singh,2.0,3.0,0.0,1.0,0.0,66.66666666666666,0.0,0.0,0.0,0.0,0.1
Shoaib Ahmed,1.0,6.0,0.0,3.0,0.0,16.666666666666664,5.0,8.941176470588236,17.0,7.0,125.05
Shoaib Akhtar,2.0,7.0,0.0,1.0,0.0,28.57142857142857,5.0,7.714285714285714,7.0,3.0,125.1
Shoaib Malik,52.0,47.0,0.0,5.0,5.0,110.63829787234043,2.0,10.0,8.5,5.0,52.6
Shubman Gill,3216.0,2370.0,95.0,99.0,310.0,135.69620253164555,0.0,0.0,0.0,0.0,160.8
Sikandar Raza,182.0,136.0,8.0,9.0,12.0,133.8235294117647,3.0,9.882352941176471,14.166666666666666,7.0,84.1
Simarjeet Singh,7.0,8.0,0.0,3.0,0.0,87.5,9.0,8.633333333333333,30.0,10.0,225.35
Sohail Tanvir,36.0,29.0,1.0,5.0,3.0,124.13793103448276,22.0,6.461538461538462,41.166666666666664,11.0,551.8
Sumit Kumar,18.0,24.0,1.0,3.0,2.0,75.0,0.0,11.4,3.3333333333333335,2.0,0.9
Sunny Gupta,0.0,1.0,0.0,1.0,0.0,0.0,0.0,15.666666666666666,3.0,1.0,0.0
Sunny Singh,43.0,31.0,1.0,5.0,6.0,138.70967741935485,0.0,0.0,0.0,0.0,2.15
Suyash Sharma,0.0,0.0,0.0,0.0,0.0,0.0,10.0,8.651162790697674,43.0,13.0,250.0
Swapnil Singh,51.0,45.0,3.0,9.0,3.0,113.33333333333333,7.0,8.925925925925926,27.0,14.0,177.55
T Banton,18.0,20.0,1.0,2.0,1.0,90.0,0.0,0.0,0.0,0.0,0.9
T Henderson,11.0,16.0,1.0,2.0,0.0,68.75,1.0,6.666666666666667,6.0,2.0,25.55
T Kohler-Cadmore,48.0,54.0,1.0,3.0,7.0,88.88888888888889,0.0,0.0,0.0,0.0,2.4000000000000004
T Kohli,11.0,19.0,1.0,3.0,0.0,57.89473684210527,0.0,0.0,0.0,0.0,0.55
T Natarajan,3.0,5.0,0.0,2.0,0.0,60.0,67.0,8.836200448765894,222.83333333333334,61.0,1675.15
T Shamsi,2.0,4.0,0.0,1.0,0.0,50.0,3.0,9.05,20.0,5.0,75.1
T Stubbs,405.0,233.0,26.0,17.0,26.0,173.8197424892704,4.0,7.25,4.0,3.0,120.25
T Taibu,31.0,26.0,0.0,3.0,3.0,119.23076923076923,0.0,0.0,0.0,0.0,1.55
T Thushara,12.0,18.0,0.0,4.0,0.0,66.66666666666666,8.0,7.155555555555556,22.5,6.0,200.6
TA Boult,83.0,78.0,3.0,22.0,5.0,106.41025641025641,121.0,8.316958564715932,390.1666666666667,103.0,3029.15
TD Paine,10.0,26.0,0.0,2.0,0.0,38.46153846153847,0.0,0.0,0.0,0.0,0.5
TG Southee,120.0,107.0,4.0,19.0,8.0,112.14953271028037,47.0,8.666666666666666,201.0,54.0,1181.0
TH David,659.0,387.0,46.0,35.0,38.0,170.28423772609818,0.0,0.0,0.0,0.0,32.95
TK Curran,127.0,107.0,3.0,10.0,10.0,118.69158878504673,13.0,10.840336134453782,39.666666666666664,13.0,331.35
TL Seifert,26.0,23.0,0.0,3.0,4.0,113.04347826086956,0.0,0.0,0.0,0.0,1.3
TL Suman,676.0,575.0,26.0,39.0,55.0,117.56521739130434,6.0,7.88,25.0,11.0,183.8
TM Dilshan,1153.0,1007.0,24.0,50.0,140.0,114.49851042701091,5.0,8.103321033210333,45.166666666666664,25.0,182.65
TM Head,772.0,444.0,40.0,25.0,76.0,173.87387387387386,2.0,11.689655172413794,9.666666666666666,6.0,88.6
TM Srivastava,8.0,11.0,0.0,3.0,0.0,72.72727272727273,0.0,0.0,0.0,0.0,0.4
TP Sudhindra,0.0,0.0,0.0,0.0,0.0,0.0,1.0,11.657142857142858,11.666666666666666,3.0,25.0
TR Birt,75.0,58.0,2.0,5.0,9.0,129.31034482758622,0.0,0.0,0.0,0.0,3.75
TS Mills,8.0,14.0,1.0,5.0,0.0,57.14285714285714,11.0,9.84688995215311,34.833333333333336,10.0,275.4
TU Deshpande,21.0,14.0,1.0,4.0,2.0,150.0,42.0,9.627906976744185,129.0,36.0,1051.05
Tanush Kotian,24.0,31.0,0.0,1.0,3.0,77.41935483870968,0.0,0.0,0.0,0.0,1.2000000000000002
Tejas Baroka,0.0,0.0,0.0,0.0,0.0,0.0,0.0,9.428571428571429,3.5,1.0,0.0
Tilak Varma,1156.0,790.0,58.0,38.0,90.0,146.32911392405063,0.0,7.636363636363637,3.6666666666666665,4.0,57.800000000000004
U Kaul,0.0,1.0,0.0,1.0,0.0,0.0,0.0,0.0,0.0,0.0,0.0
UA Birla,7.0,14.0,0.0,1.0,1.0,50.0,0.0,0.0,0.0,0.0,0.35000000000000003
UBT Chand,300.0,300.0,9.0,20.0,32.0,100.0,0.0,0.0,0.0,0.0,15.0
UT Khawaja,127.0,100.0,3.0,6.0,14.0,127.0,0.0,0.0,0.0,0.0,6.3500000000000005
UT Yadav,208.0,201.0,9.0,48.0,16.0,103.48258706467661,144.0,8.500490677134446,509.5,147.0,3610.4
Umar Gul,39.0,19.0,5.0,4.0,1.0,205.26315789473685,12.0,8.177777777777777,22.5,6.0,301.95
Umran Malik,23.0,16.0,2.0,5.0,1.0,143.75,29.0,9.364372469635628,82.33333333333333,26.0,726.15
V Kaverappa,0.0,0.0,0.0,0.0,0.0,0.0,2.0,9.0,4.0,1.0,50.0
V Kohli,8014.0,6069.0,273.0,244.0,708.0,132.04811336299224,4.0,8.796812749003983,41.833333333333336,26.0,500.70000000000005
V Pratap Singh,0.0,1.0,0.0,1.0,0.0,0.0,10.0,8.705882352941176,34.0,9.0,250.0
V Sehwag,2728.0,1755.0,106.0,104.0,334.0,155.44159544159544,6.0,10.367647058823529,22.666666666666668,15.0,286.4
V Shankar,1115.0,859.0,45.0,58.0,80.0,129.80209545983703,9.0,8.672268907563026,39.666666666666664,22.0,280.75
V Viyaskanth,7.0,5.0,0.0,1.0,0.0,140.0,1.0,8.6,10.0,3.0,25.35
VG Arora,9.0,16.0,0.0,7.0,0.0,56.25,19.0,9.140625,64.0,20.0,475.45
VH Zol,29.0,26.0,1.0,2.0,3.0,111.53846153846155,0.0,0.0,0.0,0.0,1.4500000000000002
VR Aaron,50.0,72.0,2.0,12.0,2.0,69.44444444444444,44.0,8.939637826961771,165.66666666666666,50.0,1102.5
VR Iyer,1326.0,967.0,61.0,49.0,121.0,137.12512926577043,3.0,10.592592592592593,13.5,9.0,141.3
VRV Singh,4.0,3.0,0.0,2.0,1.0,133.33333333333331,12.0,9.033333333333333,60.0,18.0,300.2
VS Malik,7.0,7.0,0.0,2.0,1.0,100.0,6.0,7.639024390243903,34.166666666666664,13.0,150.35
VS Yeligati,2.0,2.0,0.0,1.0,0.0,100.0,0.0,11.8,5.0,2.0,0.1
VVS Laxman,282.0,267.0,5.0,20.0,33.0,105.61797752808988,0.0,0.0,0.0,0.0,14.100000000000001
VY Mahesh,15.0,27.0,0.0,5.0,0.0,55.55555555555556,21.0,8.831858407079647,56.5,17.0,525.75
Vijaykumar Vyshak,14.0,12.0,1.0,4.0,0.0,116.66666666666667,13.0,10.25974025974026,38.5,11.0,325.7
Virat Singh,15.0,26.0,0.0,2.0,1.0,57.692307692307686,0.0,0.0,0.0,0.0,0.75
Vishnu Vinod,56.0,57.0,3.0,6.0,3.0,98.24561403508771,0.0,0.0,0.0,0.0,2.8000000000000003
Vivrant Sharma,69.0,47.0,2.0,1.0,9.0,146.80851063829786,0.0,12.333333333333334,3.0,2.0,3.45
W Jaffer,130.0,121.0,3.0,8.0,14.0,107.43801652892562,0.0,0.0,0.0,0.0,6.5
WA Mota,56.0,75.0,0.0,8.0,2.0,74.66666666666667,4.0,8.083333333333334,12.0,7.0,102.8
WD Parnell,65.0,80.0,1.0,13.0,4.0,81.25,36.0,7.775933609958506,120.5,33.0,903.25
WG Jacks,230.0,131.0,18.0,8.0,16.0,175.57251908396947,2.0,11.11111111111111,9.0,5.0,61.5
WP Saha,2934.0,2300.0,87.0,143.0,296.0,127.56521739130436,0.0,0.0,0.0,0.0,146.70000000000002
WPUJC Vaas,81.0,73.0,3.0,11.0,2.0,110.95890410958904,18.0,7.553191489361702,47.0,13.0,454.05
Washington Sundar,378.0,325.0,9.0,38.0,32.0,116.3076923076923,37.0,7.5426944971537,175.66666666666666,58.0,943.9
X Thalaivan Sargunam,10.0,17.0,0.0,1.0,0.0,58.82352941176471,0.0,0.0,0.0,0.0,0.5
Y Gnaneswara Rao,19.0,17.0,0.0,1.0,3.0,111.76470588235294,0.0,7.0,1.0,1.0,0.9500000000000001
Y Nagar,285.0,259.0,9.0,20.0,20.0,110.03861003861005,4.0,11.363636363636363,11.0,8.0,114.25
Y Prithvi Raj,0.0,1.0,0.0,1.0,0.0,0.0,1.0,11.4,5.0,2.0,25.0
Y Venugopal Rao,985.0,836.0,37.0,52.0,77.0,117.82296650717703,6.0,9.36111111111111,36.0,20.0,199.25
YA Abdulla,0.0,1.0,0.0,1.0,0.0,0.0,15.0,8.813397129186603,34.833333333333336,11.0,375.0
YBK Jaiswal,1607.0,1067.0,64.0,52.0,199.0,150.6091846298032,0.0,36.0,0.16666666666666666,1.0,80.35000000000001
YK Pathan,3222.0,2245.0,161.0,153.0,263.0,143.51893095768372,42.0,7.401918047079338,191.16666666666666,82.0,1211.1
YS Chahal,37.0,86.0,0.0,17.0,0.0,43.02325581395349,205.0,7.842090315251348,586.8333333333334,159.0,5126.85
YV Dhull,16.0,23.0,0.0,3.0,1.0,69.56521739130434,0.0,0.0,0.0,0.0,0.8
YV Takawale,192.0,178.0,3.0,10.0,26.0,107.86516853932584,0.0,0.0,0.0,0.0,9.600000000000001
Yash Dayal,0.0,1.0,0.0,1.0,0.0,0.0,28.0,9.539792387543253,96.33333333333333,28.0,700.0
Yash Thakur,0.0,0.0,0.0,0.0,0.0,0.0,24.0,10.262376237623764,67.33333333333333,19.0,600.0
Yashpal Singh,47.0,66.0,0.0,4.0,5.0,71.21212121212122,0.0,0.0,0.0,0.0,2.35
Younis Khan,3.0,7.0,0.0,1.0,0.0,42.857142857142854,0.0,0.0,0.0,0.0,0.15000000000000002
Yudhvir Singh,22.0,16.0,2.0,4.0,1.0,137.5,4.0,10.166666666666666,12.0,5.0,101.1
Yuvraj Singh,2754.0,2122.0,149.0,126.0,218.0,129.78322337417532,36.0,7.436133486766398,144.83333333333334,73.0,1037.7
Z Khan,117.0,141.0,2.0,27.0,11.0,82.97872340425532,103.0,7.587272727272727,366.6666666666667,99.0,2580.85
